id,ALLANIMALPROTECTION,ALLENVIRONMENT,ALLCOST,ALLHEALTH,ALLRELIGIOUSSPIRITUAL,ALLSOCIALINFLUENCE,ALLSOCIALJUSTICEWORLDHUNGER,ALLFOODTREND,ALLDISGUST
507.0,1.0,1.0,1.0,1.0,1.0,5.0,1.0,1.0,1.0
499.0,1.0,1.0,1.0,1.0,1.0,1.0,1.0,4.0,1.0
494.0,3.0,4.0,5.0,5.0,1.0,2.0,1.0,1.0,5.0
62.0,3.0,2.0,1.0,3.0,1.0,1.0,3.0,3.0,1.0
64.0,1.0,1.0,1.0,5.0,1.0,1.0,1.0,2.0,2.0
72.0,3.0,4.0,1.0,5.0,2.0,5.0,3.0,1.0,1.0
77.0,3.0,3.0,5.0,2.0,1.0,1.0,1.0,1.0,1.0
83.0,3.0,2.0,2.0,5.0,1.0,2.0,2.0,1.0,5.0
92.0,5.0,5.0,1.0,5.0,1.0,3.0,2.0,1.0,5.0
94.0,3.0,5.0,3.0,5.0,3.0,1.0,3.0,1.0,4.0
97.0,1.0,1.0,5.0,2.0,1.0,1.0,1.0,1.0,1.0
98.0,1.0,1.0,1.0,1.0,1.0,1.0,1.0,1.0,1.0
102.0,1.0,1.0,3.0,5.0,3.0,3.0,1.0,1.0,3.0
114.0,3.0,4.0,3.0,4.0,2.0,1.0,1.0,1.0,4.0
122.0,3.0,3.0,1.0,5.0,1.0,3.0,1.0,1.0,2.0
148.0,1.0,2.0,1.0,4.0,1.0,2.0,1.0,1.0,1.0
150.0,1.0,1.0,1.0,1.0,1.0,1.0,1.0,1.0,1.0
159.0,1.0,1.0,1.0,1.0,1.0,1.0,1.0,1.0,1.0
166.0,3.0,2.0,2.0,2.0,2.0,2.0,2.0,1.0,1.0
183.0,1.0,1.0,1.0,1.0,1.0,1.0,1.0,1.0,1.0
185.0,1.0,1.0,1.0,4.0,1.0,1.0,2.0,1.0,2.0
200.0,5.0,3.0,2.0,3.0,3.0,2.0,3.0,2.0,3.0
235.0,1.0,2.0,1.0,4.0,1.0,1.0,2.0,1.0,1.0
236.0,3.0,3.0,3.0,3.0,3.0,3.0,3.0,3.0,3.0
254.0,1.0,1.0,1.0,5.0,1.0,1.0,1.0,1.0,1.0
264.0,,,,,,,,,
265.0,3.0,3.0,2.0,4.0,1.0,2.0,2.0,1.0,3.0
284.0,5.0,5.0,2.0,4.0,1.0,1.0,2.0,1.0,3.0
285.0,3.0,4.0,2.0,5.0,1.0,2.0,1.0,1.0,2.0
294.0,3.0,1.0,3.0,4.0,1.0,1.0,1.0,1.0,2.0
311.0,1.0,1.0,1.0,5.0,1.0,4.0,1.0,2.0,1.0
317.0,3.0,3.0,3.0,3.0,3.0,3.0,3.0,1.0,3.0
354.0,3.0,3.0,5.0,3.0,1.0,4.0,2.0,1.0,4.0
359.0,2.0,2.0,5.0,4.0,1.0,1.0,1.0,1.0,1.0
366.0,3.0,3.0,2.0,5.0,1.0,3.0,1.0,2.0,4.0
371.0,3.0,3.0,3.0,3.0,3.0,3.0,3.0,3.0,3.0
376.0,1.0,1.0,1.0,5.0,1.0,1.0,1.0,1.0,1.0
433.0,3.0,1.0,2.0,5.0,1.0,1.0,1.0,1.0,1.0
435.0,5.0,2.0,2.0,4.0,1.0,1.0,4.0,1.0,4.0
445.0,5.0,1.0,1.0,3.0,1.0,1.0,1.0,1.0,5.0
447.0,2.0,2.0,1.0,5.0,1.0,1.0,2.0,1.0,4.0
456.0,4.0,4.0,2.0,5.0,1.0,1.0,1.0,1.0,5.0
461.0,1.0,1.0,4.0,4.0,1.0,1.0,1.0,1.0,1.0
471.0,1.0,1.0,1.0,1.0,1.0,1.0,1.0,2.0,1.0
474.0,5.0,5.0,1.0,5.0,1.0,1.0,1.0,1.0,5.0
479.0,5.0,4.0,4.0,4.0,4.0,4.0,3.0,4.0,5.0
538.0,5.0,3.0,2.0,4.0,1.0,1.0,2.0,1.0,5.0
564.0,1.0,1.0,1.0,1.0,1.0,4.0,1.0,1.0,1.0
568.0,5.0,5.0,1.0,3.0,1.0,2.0,5.0,1.0,3.0
577.0,1.0,1.0,3.0,4.0,1.0,3.0,1.0,3.0,1.0
580.0,2.0,2.0,1.0,2.0,5.0,1.0,3.0,1.0,1.0
597.0,5.0,1.0,4.0,5.0,1.0,1.0,1.0,1.0,5.0
601.0,5.0,1.0,1.0,3.0,1.0,1.0,1.0,1.0,2.0
603.0,1.0,1.0,1.0,5.0,1.0,1.0,1.0,1.0,1.0
604.0,1.0,3.0,2.0,5.0,1.0,1.0,1.0,1.0,1.0
611.0,1.0,1.0,1.0,4.0,1.0,1.0,1.0,2.0,1.0
614.0,1.0,1.0,2.0,4.0,1.0,1.0,1.0,4.0,1.0
616.0,3.0,3.0,3.0,4.0,1.0,4.0,3.0,1.0,1.0
622.0,1.0,1.0,1.0,3.0,1.0,4.0,1.0,1.0,1.0
626.0,1.0,1.0,1.0,1.0,4.0,1.0,1.0,1.0,1.0
630.0,5.0,5.0,5.0,5.0,5.0,5.0,5.0,5.0,5.0
632.0,5.0,5.0,4.0,4.0,5.0,3.0,5.0,3.0,5.0
641.0,5.0,2.0,1.0,1.0,1.0,1.0,1.0,1.0,5.0
643.0,1.0,1.0,1.0,4.0,1.0,1.0,1.0,1.0,2.0
645.0,1.0,1.0,1.0,3.0,1.0,1.0,1.0,1.0,1.0
647.0,5.0,5.0,2.0,3.0,1.0,1.0,5.0,1.0,3.0
651.0,1.0,1.0,1.0,4.0,1.0,5.0,1.0,2.0,1.0
652.0,1.0,1.0,1.0,3.0,1.0,4.0,1.0,1.0,1.0
661.0,1.0,1.0,3.0,3.0,1.0,1.0,1.0,1.0,1.0
672.0,5.0,5.0,1.0,4.0,4.0,1.0,4.0,5.0,5.0
675.0,4.0,4.0,1.0,5.0,3.0,1.0,3.0,1.0,4.0
682.0,2.0,4.0,2.0,5.0,1.0,2.0,3.0,1.0,4.0
700.0,1.0,1.0,1.0,2.0,1.0,5.0,1.0,1.0,1.0
709.0,3.0,3.0,3.0,3.0,3.0,3.0,3.0,3.0,3.0
711.0,1.0,1.0,1.0,4.0,1.0,1.0,1.0,1.0,1.0
712.0,1.0,1.0,1.0,3.0,1.0,1.0,1.0,1.0,1.0
718.0,1.0,1.0,3.0,3.0,1.0,1.0,1.0,1.0,1.0
725.0,1.0,1.0,1.0,5.0,1.0,1.0,1.0,1.0,1.0
744.0,3.0,3.0,3.0,4.0,1.0,1.0,1.0,1.0,5.0
768.0,2.0,2.0,1.0,5.0,3.0,1.0,2.0,1.0,4.0
776.0,3.0,2.0,2.0,3.0,1.0,2.0,1.0,1.0,3.0
779.0,3.0,5.0,4.0,5.0,1.0,1.0,2.0,1.0,2.0
788.0,5.0,5.0,1.0,5.0,4.0,2.0,5.0,1.0,1.0
789.0,1.0,3.0,3.0,4.0,1.0,3.0,3.0,3.0,3.0
796.0,5.0,5.0,1.0,5.0,1.0,1.0,1.0,1.0,5.0
797.0,1.0,1.0,1.0,4.0,1.0,3.0,1.0,1.0,1.0
800.0,4.0,4.0,2.0,4.0,2.0,3.0,4.0,1.0,2.0
809.0,1.0,1.0,1.0,1.0,1.0,5.0,1.0,1.0,1.0
819.0,4.0,4.0,4.0,4.0,4.0,4.0,4.0,5.0,4.0
822.0,1.0,1.0,1.0,4.0,1.0,1.0,1.0,1.0,1.0
839.0,5.0,5.0,3.0,5.0,3.0,2.0,3.0,1.0,3.0
842.0,2.0,1.0,1.0,2.0,1.0,2.0,1.0,1.0,1.0
847.0,1.0,1.0,1.0,3.0,1.0,2.0,1.0,3.0,2.0
848.0,5.0,5.0,5.0,5.0,5.0,5.0,5.0,5.0,5.0
854.0,1.0,1.0,1.0,4.0,1.0,1.0,1.0,1.0,1.0
882.0,2.0,3.0,2.0,4.0,1.0,2.0,2.0,2.0,3.0
886.0,2.0,3.0,2.0,4.0,1.0,4.0,2.0,2.0,2.0
894.0,1.0,1.0,1.0,2.0,1.0,1.0,1.0,2.0,1.0
900.0,5.0,5.0,5.0,5.0,5.0,4.0,5.0,5.0,1.0
901.0,3.0,3.0,3.0,4.0,3.0,4.0,3.0,4.0,4.0
907.0,3.0,3.0,3.0,3.0,3.0,3.0,3.0,3.0,3.0
927.0,1.0,1.0,1.0,5.0,1.0,1.0,1.0,1.0,1.0
930.0,2.0,3.0,1.0,4.0,1.0,1.0,1.0,1.0,1.0
962.0,5.0,3.0,3.0,4.0,5.0,3.0,3.0,1.0,5.0
966.0,3.0,2.0,1.0,3.0,1.0,3.0,4.0,1.0,3.0
975.0,2.0,2.0,2.0,4.0,1.0,2.0,2.0,3.0,1.0
996.0,1.0,1.0,1.0,2.0,1.0,1.0,1.0,1.0,1.0
1007.0,1.0,3.0,3.0,3.0,1.0,1.0,1.0,1.0,1.0
1018.0,2.0,2.0,2.0,4.0,1.0,1.0,1.0,1.0,1.0
1019.0,1.0,1.0,1.0,5.0,1.0,1.0,1.0,5.0,4.0
1021.0,3.0,3.0,3.0,4.0,2.0,2.0,3.0,1.0,5.0
1029.0,4.0,4.0,4.0,4.0,3.0,4.0,4.0,5.0,4.0
1031.0,4.0,2.0,2.0,3.0,1.0,2.0,1.0,1.0,4.0
1047.0,1.0,1.0,3.0,4.0,5.0,3.0,1.0,1.0,1.0
1066.0,1.0,1.0,1.0,4.0,1.0,1.0,1.0,1.0,1.0
1096.0,1.0,1.0,1.0,1.0,1.0,5.0,1.0,1.0,1.0
1098.0,5.0,5.0,2.0,4.0,1.0,3.0,4.0,2.0,4.0
1102.0,2.0,2.0,1.0,3.0,1.0,1.0,1.0,1.0,1.0
1106.0,3.0,3.0,1.0,3.0,1.0,1.0,1.0,1.0,1.0
1110.0,4.0,4.0,4.0,5.0,2.0,4.0,4.0,1.0,4.0
1113.0,1.0,1.0,3.0,4.0,1.0,1.0,1.0,1.0,1.0
1129.0,1.0,1.0,1.0,2.0,1.0,1.0,1.0,2.0,1.0
1143.0,5.0,5.0,5.0,5.0,3.0,5.0,3.0,3.0,5.0
1145.0,1.0,2.0,2.0,3.0,5.0,2.0,2.0,3.0,3.0
1149.0,4.0,3.0,3.0,4.0,1.0,4.0,2.0,4.0,4.0
1158.0,1.0,1.0,1.0,3.0,1.0,1.0,1.0,1.0,1.0
1161.0,1.0,2.0,2.0,4.0,1.0,2.0,1.0,1.0,1.0
1163.0,1.0,1.0,1.0,5.0,1.0,1.0,1.0,1.0,1.0
1181.0,4.0,3.0,2.0,3.0,3.0,1.0,3.0,1.0,5.0
1182.0,5.0,4.0,1.0,3.0,1.0,4.0,5.0,4.0,5.0
1190.0,4.0,4.0,4.0,4.0,2.0,2.0,4.0,2.0,4.0
1194.0,1.0,1.0,1.0,3.0,1.0,3.0,1.0,2.0,1.0
1212.0,1.0,1.0,1.0,5.0,4.0,1.0,1.0,1.0,2.0
1213.0,4.0,4.0,2.0,3.0,4.0,3.0,4.0,4.0,1.0
1221.0,5.0,2.0,4.0,4.0,1.0,2.0,2.0,2.0,5.0
1228.0,2.0,4.0,3.0,2.0,4.0,3.0,4.0,3.0,3.0
1238.0,3.0,3.0,1.0,3.0,1.0,1.0,1.0,1.0,1.0
1242.0,4.0,2.0,3.0,4.0,1.0,2.0,2.0,2.0,3.0
1250.0,1.0,1.0,1.0,5.0,1.0,1.0,1.0,1.0,1.0
1254.0,1.0,2.0,3.0,3.0,1.0,1.0,1.0,1.0,1.0
1259.0,2.0,2.0,3.0,5.0,1.0,3.0,1.0,1.0,1.0
1261.0,4.0,4.0,1.0,5.0,1.0,1.0,2.0,1.0,1.0
1262.0,3.0,4.0,3.0,4.0,1.0,3.0,3.0,4.0,1.0
1264.0,4.0,4.0,2.0,3.0,4.0,2.0,2.0,1.0,4.0
1267.0,3.0,1.0,1.0,5.0,1.0,1.0,1.0,1.0,1.0
1269.0,5.0,4.0,4.0,4.0,4.0,5.0,4.0,4.0,4.0
1273.0,5.0,1.0,3.0,5.0,1.0,2.0,1.0,1.0,5.0
1285.0,1.0,1.0,1.0,4.0,1.0,1.0,1.0,2.0,1.0
1286.0,3.0,4.0,1.0,3.0,3.0,4.0,4.0,3.0,4.0
1288.0,5.0,1.0,1.0,2.0,3.0,1.0,2.0,1.0,4.0
1298.0,1.0,1.0,1.0,5.0,1.0,1.0,1.0,1.0,1.0
1300.0,1.0,1.0,2.0,2.0,5.0,4.0,1.0,4.0,1.0
1302.0,4.0,5.0,4.0,3.0,2.0,4.0,4.0,3.0,4.0
1305.0,5.0,3.0,2.0,3.0,3.0,2.0,2.0,1.0,5.0
1319.0,2.0,2.0,2.0,4.0,1.0,1.0,1.0,1.0,1.0
1324.0,5.0,4.0,3.0,5.0,1.0,2.0,3.0,4.0,5.0
1326.0,5.0,5.0,1.0,3.0,1.0,1.0,3.0,1.0,1.0
1328.0,1.0,5.0,4.0,5.0,1.0,4.0,4.0,2.0,4.0
1335.0,3.0,4.0,1.0,5.0,1.0,1.0,1.0,1.0,5.0
1346.0,5.0,4.0,2.0,3.0,4.0,2.0,4.0,3.0,3.0
1351.0,1.0,1.0,1.0,1.0,1.0,3.0,1.0,1.0,1.0
1352.0,5.0,3.0,1.0,1.0,1.0,1.0,1.0,1.0,4.0
1363.0,1.0,1.0,1.0,1.0,1.0,1.0,1.0,1.0,1.0
1389.0,1.0,1.0,1.0,1.0,1.0,5.0,1.0,1.0,1.0
1395.0,2.0,2.0,1.0,3.0,1.0,1.0,1.0,1.0,4.0
1403.0,1.0,1.0,1.0,1.0,1.0,1.0,1.0,1.0,1.0
1435.0,2.0,1.0,1.0,2.0,1.0,1.0,1.0,2.0,2.0
1451.0,5.0,5.0,3.0,3.0,4.0,1.0,5.0,1.0,5.0
1454.0,2.0,4.0,4.0,4.0,3.0,1.0,2.0,1.0,4.0
1456.0,2.0,2.0,2.0,4.0,2.0,2.0,2.0,2.0,1.0
1461.0,3.0,3.0,3.0,5.0,2.0,4.0,3.0,2.0,3.0
1462.0,1.0,2.0,1.0,4.0,1.0,1.0,2.0,1.0,1.0
1463.0,4.0,5.0,2.0,3.0,1.0,3.0,5.0,1.0,5.0
1466.0,3.0,2.0,1.0,3.0,1.0,2.0,2.0,1.0,1.0
1467.0,4.0,3.0,1.0,2.0,4.0,3.0,1.0,1.0,4.0
1478.0,1.0,1.0,3.0,4.0,1.0,1.0,1.0,1.0,1.0
1480.0,3.0,5.0,5.0,5.0,3.0,1.0,3.0,3.0,5.0
1482.0,1.0,1.0,1.0,5.0,5.0,2.0,1.0,3.0,1.0
1483.0,,,,,,,,,
1506.0,5.0,4.0,1.0,4.0,2.0,4.0,4.0,1.0,4.0
1511.0,2.0,2.0,4.0,5.0,2.0,3.0,3.0,3.0,3.0
1513.0,5.0,4.0,4.0,4.0,3.0,2.0,5.0,2.0,5.0
1524.0,1.0,1.0,1.0,5.0,1.0,1.0,1.0,1.0,1.0
1526.0,4.0,5.0,2.0,2.0,1.0,1.0,2.0,2.0,5.0
1528.0,1.0,1.0,4.0,5.0,1.0,1.0,1.0,1.0,1.0
1533.0,1.0,3.0,3.0,5.0,3.0,2.0,3.0,4.0,1.0
1535.0,1.0,1.0,1.0,5.0,5.0,1.0,1.0,1.0,1.0
1536.0,1.0,1.0,3.0,5.0,1.0,2.0,1.0,1.0,2.0
1546.0,5.0,3.0,1.0,4.0,1.0,2.0,2.0,1.0,5.0
1547.0,4.0,4.0,1.0,3.0,1.0,3.0,4.0,2.0,4.0
1549.0,3.0,1.0,1.0,4.0,1.0,1.0,1.0,1.0,2.0
1571.0,1.0,1.0,4.0,4.0,1.0,4.0,1.0,4.0,2.0
1573.0,5.0,3.0,1.0,3.0,4.0,1.0,2.0,1.0,5.0
1575.0,4.0,4.0,4.0,5.0,2.0,4.0,4.0,1.0,5.0
1583.0,5.0,2.0,1.0,5.0,1.0,1.0,1.0,1.0,1.0
1601.0,4.0,3.0,1.0,2.0,1.0,5.0,2.0,5.0,4.0
1620.0,1.0,1.0,1.0,4.0,1.0,1.0,1.0,1.0,1.0
1630.0,1.0,1.0,4.0,4.0,1.0,1.0,1.0,1.0,1.0
1661.0,3.0,1.0,3.0,5.0,1.0,1.0,1.0,1.0,3.0
1665.0,1.0,1.0,1.0,2.0,1.0,1.0,1.0,1.0,1.0
1668.0,3.0,3.0,4.0,5.0,1.0,2.0,2.0,1.0,3.0
1685.0,5.0,3.0,4.0,1.0,1.0,1.0,2.0,1.0,5.0
1688.0,1.0,3.0,1.0,4.0,1.0,4.0,1.0,1.0,1.0
1705.0,1.0,1.0,1.0,2.0,1.0,2.0,1.0,2.0,1.0
1708.0,2.0,2.0,2.0,4.0,2.0,2.0,2.0,1.0,2.0
1711.0,1.0,1.0,3.0,1.0,1.0,2.0,1.0,2.0,1.0
1722.0,4.0,4.0,3.0,5.0,1.0,2.0,2.0,1.0,2.0
1728.0,2.0,1.0,1.0,3.0,1.0,2.0,1.0,1.0,1.0
1743.0,1.0,1.0,1.0,4.0,1.0,2.0,1.0,1.0,1.0
1748.0,4.0,4.0,4.0,5.0,2.0,5.0,4.0,4.0,3.0
1749.0,1.0,1.0,3.0,4.0,1.0,1.0,1.0,1.0,3.0
1755.0,3.0,2.0,1.0,2.0,3.0,3.0,2.0,1.0,2.0
1761.0,2.0,1.0,1.0,5.0,1.0,1.0,1.0,1.0,1.0
1768.0,5.0,1.0,1.0,2.0,1.0,1.0,1.0,1.0,5.0
1770.0,2.0,1.0,3.0,5.0,1.0,2.0,1.0,1.0,2.0
1775.0,1.0,3.0,5.0,1.0,1.0,1.0,1.0,3.0,1.0
1801.0,1.0,4.0,2.0,2.0,1.0,2.0,5.0,1.0,1.0
1808.0,4.0,1.0,1.0,1.0,1.0,1.0,1.0,1.0,4.0
1817.0,1.0,2.0,4.0,5.0,5.0,2.0,4.0,3.0,1.0
1823.0,5.0,3.0,1.0,3.0,1.0,3.0,1.0,1.0,3.0
1831.0,1.0,1.0,5.0,1.0,1.0,1.0,1.0,1.0,1.0
1855.0,1.0,3.0,4.0,3.0,1.0,1.0,2.0,1.0,2.0
1857.0,1.0,1.0,1.0,5.0,1.0,3.0,1.0,1.0,1.0
1879.0,2.0,2.0,2.0,4.0,1.0,1.0,2.0,1.0,1.0
1888.0,1.0,3.0,1.0,5.0,1.0,1.0,2.0,4.0,5.0
1890.0,2.0,3.0,5.0,3.0,4.0,5.0,3.0,5.0,2.0
1894.0,5.0,3.0,1.0,1.0,1.0,1.0,1.0,1.0,5.0
1914.0,5.0,5.0,1.0,5.0,1.0,1.0,4.0,1.0,5.0
1915.0,2.0,1.0,5.0,3.0,1.0,1.0,1.0,4.0,4.0
1919.0,1.0,1.0,1.0,1.0,1.0,1.0,1.0,1.0,1.0
1926.0,3.0,2.0,2.0,4.0,2.0,3.0,2.0,2.0,2.0
1927.0,4.0,3.0,1.0,4.0,2.0,3.0,2.0,1.0,4.0
1929.0,1.0,1.0,4.0,5.0,1.0,3.0,1.0,3.0,1.0
1941.0,1.0,1.0,3.0,2.0,1.0,1.0,1.0,1.0,1.0
1959.0,2.0,2.0,4.0,3.0,1.0,1.0,2.0,1.0,2.0
1968.0,2.0,3.0,1.0,4.0,1.0,1.0,2.0,3.0,4.0
1971.0,3.0,3.0,3.0,3.0,3.0,3.0,3.0,3.0,3.0
1992.0,2.0,2.0,2.0,5.0,1.0,1.0,3.0,1.0,2.0
2024.0,1.0,1.0,1.0,3.0,1.0,1.0,4.0,1.0,1.0
2027.0,1.0,2.0,1.0,4.0,1.0,1.0,1.0,1.0,3.0
2063.0,2.0,2.0,2.0,3.0,1.0,3.0,2.0,1.0,1.0
2064.0,1.0,1.0,1.0,2.0,1.0,1.0,1.0,1.0,1.0
2066.0,5.0,5.0,5.0,5.0,5.0,5.0,5.0,5.0,5.0
2072.0,5.0,4.0,2.0,5.0,1.0,1.0,1.0,1.0,5.0
2079.0,1.0,1.0,1.0,3.0,5.0,1.0,1.0,3.0,1.0
2086.0,3.0,1.0,2.0,5.0,2.0,1.0,1.0,1.0,3.0
2091.0,1.0,1.0,1.0,5.0,1.0,1.0,1.0,1.0,1.0
2100.0,1.0,1.0,1.0,1.0,1.0,4.0,1.0,1.0,1.0
2105.0,4.0,3.0,3.0,4.0,1.0,3.0,3.0,1.0,4.0
2106.0,2.0,1.0,1.0,1.0,1.0,1.0,1.0,1.0,2.0
2108.0,1.0,1.0,1.0,1.0,1.0,1.0,1.0,1.0,1.0
2121.0,3.0,4.0,1.0,4.0,1.0,1.0,1.0,1.0,1.0
2130.0,3.0,3.0,2.0,5.0,1.0,3.0,3.0,1.0,1.0
2168.0,2.0,1.0,1.0,4.0,1.0,1.0,1.0,1.0,1.0
2177.0,3.0,2.0,3.0,4.0,2.0,2.0,2.0,1.0,3.0
2183.0,5.0,4.0,4.0,4.0,3.0,4.0,3.0,4.0,3.0
2189.0,5.0,5.0,5.0,5.0,3.0,1.0,3.0,1.0,3.0
2198.0,5.0,5.0,1.0,5.0,5.0,1.0,4.0,1.0,5.0
2222.0,4.0,3.0,4.0,5.0,1.0,1.0,2.0,1.0,4.0
2223.0,2.0,2.0,4.0,4.0,1.0,2.0,1.0,1.0,2.0
2224.0,5.0,5.0,3.0,5.0,5.0,3.0,3.0,1.0,5.0
2229.0,5.0,4.0,3.0,5.0,1.0,1.0,3.0,1.0,5.0
2246.0,1.0,1.0,1.0,3.0,1.0,1.0,1.0,1.0,1.0
2256.0,2.0,2.0,1.0,4.0,1.0,1.0,1.0,1.0,2.0
2260.0,3.0,4.0,3.0,5.0,2.0,2.0,3.0,3.0,4.0
2265.0,5.0,4.0,3.0,5.0,1.0,2.0,5.0,2.0,5.0
2266.0,1.0,1.0,1.0,5.0,1.0,1.0,1.0,1.0,2.0
2281.0,2.0,3.0,1.0,5.0,1.0,1.0,1.0,1.0,4.0
2289.0,1.0,1.0,1.0,5.0,1.0,1.0,1.0,1.0,2.0
2302.0,1.0,1.0,1.0,2.0,1.0,5.0,1.0,1.0,1.0
2314.0,1.0,1.0,1.0,3.0,1.0,1.0,1.0,1.0,1.0
2332.0,2.0,3.0,3.0,3.0,2.0,3.0,2.0,2.0,3.0
2344.0,1.0,3.0,4.0,5.0,1.0,1.0,1.0,1.0,2.0
2347.0,3.0,1.0,1.0,1.0,1.0,4.0,1.0,2.0,1.0
2349.0,1.0,1.0,3.0,1.0,1.0,1.0,1.0,1.0,1.0
2360.0,3.0,4.0,3.0,4.0,1.0,3.0,3.0,1.0,3.0
2392.0,4.0,4.0,3.0,3.0,3.0,1.0,4.0,2.0,5.0
2397.0,1.0,1.0,1.0,3.0,1.0,1.0,1.0,1.0,1.0
2403.0,5.0,5.0,1.0,5.0,5.0,1.0,5.0,1.0,5.0
2406.0,1.0,1.0,1.0,1.0,1.0,1.0,1.0,1.0,1.0
2410.0,5.0,1.0,1.0,1.0,1.0,1.0,1.0,1.0,5.0
2418.0,1.0,1.0,1.0,4.0,1.0,1.0,1.0,1.0,1.0
2419.0,1.0,1.0,1.0,4.0,1.0,1.0,1.0,1.0,1.0
2421.0,4.0,4.0,3.0,4.0,4.0,4.0,4.0,4.0,1.0
2444.0,4.0,4.0,3.0,4.0,1.0,1.0,2.0,1.0,4.0
2466.0,2.0,1.0,2.0,5.0,5.0,1.0,3.0,1.0,1.0
2475.0,3.0,3.0,3.0,4.0,1.0,3.0,1.0,1.0,1.0
2476.0,2.0,4.0,2.0,5.0,1.0,1.0,1.0,1.0,5.0
2481.0,1.0,1.0,1.0,3.0,1.0,5.0,1.0,5.0,1.0
2485.0,4.0,4.0,1.0,2.0,1.0,2.0,4.0,1.0,3.0
2496.0,3.0,4.0,5.0,4.0,1.0,1.0,2.0,1.0,1.0
2497.0,1.0,1.0,1.0,3.0,1.0,1.0,1.0,1.0,1.0
2502.0,1.0,1.0,1.0,5.0,1.0,2.0,1.0,1.0,1.0
2505.0,3.0,1.0,4.0,5.0,1.0,1.0,1.0,1.0,1.0
2507.0,1.0,1.0,1.0,3.0,1.0,3.0,1.0,1.0,1.0
2513.0,2.0,3.0,4.0,4.0,3.0,1.0,3.0,3.0,4.0
2518.0,5.0,3.0,2.0,4.0,1.0,5.0,3.0,1.0,4.0
2531.0,3.0,4.0,2.0,2.0,1.0,4.0,2.0,1.0,2.0
2540.0,1.0,1.0,1.0,3.0,1.0,5.0,1.0,1.0,1.0
2546.0,1.0,1.0,1.0,5.0,1.0,1.0,1.0,1.0,1.0
2554.0,5.0,5.0,1.0,5.0,1.0,4.0,5.0,1.0,5.0
2556.0,1.0,4.0,4.0,4.0,1.0,2.0,1.0,1.0,1.0
2558.0,1.0,1.0,1.0,4.0,1.0,4.0,1.0,1.0,1.0
2560.0,,,,,,,,,
2565.0,1.0,1.0,1.0,3.0,1.0,1.0,1.0,1.0,1.0
2589.0,3.0,4.0,1.0,1.0,1.0,1.0,4.0,5.0,1.0
2607.0,2.0,2.0,2.0,2.0,2.0,2.0,2.0,4.0,2.0
2627.0,4.0,3.0,2.0,3.0,1.0,3.0,3.0,2.0,1.0
2629.0,1.0,1.0,1.0,5.0,1.0,1.0,1.0,1.0,1.0
2636.0,1.0,1.0,1.0,5.0,1.0,1.0,1.0,1.0,4.0
2660.0,1.0,1.0,1.0,5.0,1.0,2.0,1.0,1.0,1.0
2666.0,4.0,4.0,3.0,4.0,2.0,4.0,4.0,1.0,4.0
2685.0,1.0,1.0,1.0,5.0,1.0,2.0,1.0,1.0,1.0
2686.0,1.0,1.0,5.0,3.0,1.0,1.0,1.0,3.0,1.0
2707.0,4.0,5.0,3.0,5.0,1.0,1.0,1.0,1.0,2.0
2712.0,4.0,4.0,3.0,4.0,4.0,4.0,4.0,3.0,3.0
2727.0,3.0,5.0,4.0,4.0,1.0,2.0,4.0,2.0,3.0
2762.0,5.0,5.0,5.0,5.0,5.0,5.0,5.0,5.0,5.0
2764.0,1.0,1.0,1.0,2.0,1.0,1.0,1.0,1.0,1.0
2770.0,4.0,4.0,3.0,4.0,2.0,4.0,3.0,4.0,4.0
2780.0,1.0,1.0,1.0,1.0,1.0,1.0,1.0,1.0,1.0
2791.0,1.0,1.0,1.0,4.0,1.0,1.0,1.0,1.0,1.0
2793.0,4.0,3.0,1.0,4.0,3.0,1.0,3.0,1.0,4.0
2803.0,3.0,4.0,4.0,4.0,1.0,5.0,4.0,1.0,4.0
2806.0,1.0,1.0,1.0,1.0,1.0,1.0,1.0,1.0,1.0
2817.0,1.0,2.0,3.0,4.0,1.0,1.0,1.0,1.0,1.0
2819.0,1.0,1.0,1.0,5.0,5.0,1.0,1.0,1.0,1.0
2823.0,1.0,1.0,1.0,3.0,1.0,1.0,1.0,1.0,1.0
2829.0,2.0,1.0,3.0,3.0,1.0,1.0,1.0,1.0,2.0
2849.0,1.0,1.0,1.0,5.0,1.0,1.0,1.0,1.0,1.0
2850.0,5.0,1.0,1.0,1.0,5.0,4.0,1.0,3.0,2.0
2862.0,1.0,1.0,1.0,3.0,1.0,1.0,1.0,1.0,1.0
2885.0,1.0,1.0,1.0,1.0,1.0,1.0,1.0,1.0,1.0
2898.0,1.0,1.0,1.0,1.0,1.0,1.0,1.0,1.0,1.0
2914.0,1.0,1.0,1.0,5.0,1.0,1.0,1.0,1.0,1.0
2916.0,4.0,4.0,3.0,5.0,1.0,2.0,2.0,2.0,3.0
2928.0,5.0,5.0,3.0,5.0,3.0,1.0,5.0,1.0,3.0
2935.0,5.0,2.0,4.0,5.0,1.0,1.0,1.0,1.0,1.0
2949.0,5.0,3.0,3.0,3.0,1.0,2.0,3.0,1.0,2.0
2961.0,1.0,1.0,1.0,1.0,1.0,4.0,1.0,2.0,1.0
2966.0,1.0,1.0,1.0,5.0,1.0,1.0,1.0,1.0,1.0
2971.0,1.0,1.0,3.0,3.0,1.0,1.0,1.0,1.0,3.0
2977.0,5.0,4.0,3.0,3.0,1.0,4.0,3.0,1.0,5.0
2980.0,1.0,1.0,3.0,3.0,1.0,1.0,1.0,2.0,1.0
3000.0,1.0,1.0,1.0,4.0,1.0,1.0,1.0,1.0,1.0
3001.0,1.0,1.0,1.0,5.0,1.0,1.0,1.0,1.0,1.0
3006.0,1.0,1.0,1.0,5.0,1.0,1.0,1.0,1.0,1.0
3013.0,2.0,2.0,2.0,5.0,1.0,4.0,2.0,4.0,1.0
3014.0,1.0,1.0,3.0,5.0,1.0,1.0,1.0,1.0,4.0
3035.0,3.0,3.0,2.0,5.0,3.0,4.0,2.0,1.0,1.0
3042.0,3.0,3.0,5.0,5.0,3.0,3.0,3.0,2.0,3.0
3048.0,,,,,,,,,
3051.0,1.0,3.0,1.0,4.0,1.0,1.0,1.0,1.0,1.0
3065.0,4.0,3.0,2.0,3.0,3.0,1.0,3.0,1.0,3.0
3114.0,2.0,2.0,2.0,3.0,1.0,1.0,1.0,2.0,1.0
3142.0,1.0,4.0,2.0,5.0,1.0,1.0,3.0,1.0,4.0
3143.0,5.0,5.0,1.0,5.0,1.0,2.0,4.0,1.0,2.0
3166.0,1.0,5.0,1.0,5.0,4.0,1.0,2.0,1.0,5.0
3175.0,4.0,4.0,3.0,4.0,1.0,1.0,4.0,1.0,4.0
3178.0,1.0,1.0,1.0,4.0,4.0,1.0,1.0,1.0,1.0
3183.0,3.0,1.0,1.0,4.0,1.0,1.0,1.0,1.0,1.0
3214.0,5.0,5.0,5.0,5.0,5.0,5.0,5.0,5.0,5.0
3222.0,2.0,4.0,1.0,4.0,4.0,3.0,4.0,1.0,2.0
3226.0,1.0,3.0,1.0,5.0,1.0,1.0,1.0,1.0,1.0
3238.0,1.0,1.0,1.0,5.0,1.0,1.0,1.0,1.0,1.0
3247.0,3.0,3.0,3.0,4.0,3.0,4.0,3.0,2.0,4.0
3249.0,4.0,4.0,2.0,5.0,1.0,1.0,4.0,1.0,4.0
3278.0,1.0,1.0,1.0,3.0,1.0,3.0,1.0,1.0,1.0
3291.0,5.0,4.0,5.0,5.0,5.0,1.0,5.0,1.0,3.0
3293.0,1.0,1.0,1.0,1.0,1.0,4.0,1.0,1.0,1.0
3307.0,1.0,1.0,1.0,2.0,1.0,1.0,1.0,1.0,1.0
3309.0,4.0,4.0,3.0,4.0,3.0,3.0,4.0,3.0,4.0
3323.0,1.0,1.0,1.0,5.0,1.0,1.0,1.0,2.0,1.0
3326.0,3.0,1.0,2.0,4.0,5.0,2.0,1.0,1.0,4.0
3367.0,4.0,4.0,3.0,5.0,1.0,2.0,4.0,2.0,2.0
3370.0,1.0,1.0,1.0,1.0,1.0,1.0,1.0,1.0,1.0
3416.0,3.0,3.0,3.0,3.0,1.0,3.0,3.0,4.0,3.0
3443.0,1.0,4.0,1.0,5.0,1.0,5.0,1.0,1.0,1.0
3449.0,5.0,5.0,4.0,4.0,1.0,1.0,2.0,1.0,3.0
3459.0,4.0,4.0,4.0,4.0,1.0,1.0,3.0,1.0,3.0
3462.0,2.0,3.0,2.0,5.0,1.0,1.0,1.0,1.0,1.0
3463.0,5.0,5.0,4.0,2.0,3.0,2.0,4.0,1.0,5.0
3465.0,3.0,3.0,3.0,3.0,3.0,3.0,3.0,3.0,3.0
3471.0,1.0,1.0,1.0,1.0,1.0,1.0,1.0,1.0,1.0
3483.0,5.0,5.0,3.0,5.0,1.0,3.0,5.0,1.0,1.0
3499.0,1.0,1.0,1.0,4.0,4.0,2.0,1.0,1.0,1.0
3504.0,4.0,5.0,5.0,5.0,5.0,4.0,4.0,5.0,4.0
3524.0,1.0,2.0,3.0,4.0,1.0,1.0,1.0,1.0,1.0
3535.0,5.0,4.0,3.0,3.0,2.0,1.0,3.0,1.0,4.0
3537.0,2.0,3.0,2.0,5.0,2.0,3.0,2.0,3.0,3.0
3539.0,2.0,2.0,2.0,5.0,1.0,1.0,1.0,3.0,1.0
3562.0,5.0,5.0,5.0,5.0,1.0,1.0,1.0,5.0,3.0
3563.0,2.0,1.0,1.0,4.0,2.0,3.0,2.0,2.0,1.0
3583.0,,,,,,,,,
3596.0,1.0,3.0,3.0,5.0,1.0,1.0,1.0,1.0,1.0
3603.0,4.0,4.0,4.0,4.0,1.0,3.0,4.0,3.0,4.0
3623.0,1.0,1.0,1.0,3.0,3.0,5.0,1.0,1.0,1.0
3630.0,1.0,2.0,3.0,5.0,1.0,1.0,1.0,1.0,1.0
3650.0,2.0,2.0,2.0,3.0,1.0,5.0,2.0,3.0,2.0
3659.0,1.0,1.0,1.0,5.0,1.0,1.0,1.0,5.0,1.0
3660.0,1.0,1.0,1.0,5.0,1.0,1.0,1.0,2.0,1.0
3688.0,1.0,2.0,3.0,5.0,1.0,1.0,2.0,1.0,1.0
3693.0,5.0,3.0,1.0,4.0,1.0,1.0,2.0,1.0,1.0
3710.0,2.0,1.0,2.0,3.0,1.0,1.0,1.0,1.0,4.0
3733.0,1.0,1.0,1.0,5.0,1.0,1.0,1.0,1.0,1.0
3737.0,1.0,1.0,1.0,5.0,1.0,1.0,1.0,1.0,1.0
3763.0,1.0,1.0,1.0,5.0,1.0,1.0,1.0,5.0,1.0
3768.0,5.0,3.0,1.0,1.0,3.0,1.0,1.0,1.0,5.0
3778.0,2.0,2.0,3.0,4.0,2.0,2.0,3.0,1.0,2.0
3810.0,1.0,1.0,1.0,5.0,1.0,1.0,1.0,1.0,1.0
3812.0,1.0,1.0,1.0,1.0,1.0,1.0,1.0,1.0,1.0
3826.0,5.0,3.0,3.0,3.0,1.0,1.0,3.0,1.0,5.0
3827.0,5.0,5.0,1.0,5.0,1.0,1.0,5.0,1.0,5.0
3846.0,2.0,2.0,1.0,4.0,1.0,1.0,1.0,1.0,1.0
3850.0,1.0,1.0,1.0,1.0,1.0,3.0,1.0,1.0,1.0
3851.0,5.0,5.0,3.0,5.0,3.0,3.0,5.0,5.0,5.0
3852.0,1.0,1.0,2.0,5.0,1.0,1.0,1.0,1.0,1.0
3855.0,1.0,1.0,3.0,3.0,1.0,1.0,1.0,1.0,1.0
3868.0,1.0,2.0,2.0,4.0,5.0,1.0,2.0,1.0,1.0
3869.0,1.0,1.0,1.0,5.0,1.0,1.0,1.0,1.0,1.0
3884.0,5.0,5.0,1.0,5.0,4.0,1.0,5.0,1.0,4.0
3893.0,1.0,1.0,1.0,5.0,1.0,1.0,1.0,1.0,2.0
3897.0,1.0,1.0,1.0,1.0,1.0,1.0,1.0,1.0,1.0
3898.0,4.0,4.0,4.0,4.0,1.0,2.0,4.0,1.0,3.0
3909.0,5.0,5.0,4.0,5.0,4.0,3.0,4.0,1.0,3.0
3915.0,2.0,2.0,3.0,4.0,1.0,1.0,2.0,2.0,2.0
3918.0,2.0,2.0,1.0,2.0,2.0,5.0,2.0,2.0,2.0
3925.0,1.0,2.0,1.0,5.0,1.0,1.0,2.0,1.0,1.0
3935.0,4.0,4.0,4.0,4.0,3.0,3.0,4.0,3.0,4.0
3942.0,3.0,4.0,1.0,5.0,1.0,1.0,2.0,1.0,1.0
3954.0,1.0,1.0,1.0,5.0,1.0,1.0,1.0,1.0,2.0
3960.0,1.0,1.0,5.0,3.0,1.0,1.0,1.0,1.0,2.0
3964.0,1.0,1.0,1.0,4.0,1.0,1.0,1.0,1.0,1.0
3984.0,1.0,3.0,3.0,3.0,1.0,4.0,3.0,3.0,1.0
3978.0,4.0,2.0,3.0,4.0,1.0,1.0,1.0,1.0,3.0
3981.0,4.0,1.0,1.0,5.0,1.0,3.0,1.0,1.0,4.0
3995.0,1.0,1.0,1.0,4.0,1.0,1.0,1.0,1.0,1.0
3999.0,5.0,4.0,3.0,5.0,1.0,1.0,4.0,1.0,5.0
4004.0,2.0,2.0,1.0,4.0,1.0,1.0,2.0,1.0,1.0
4014.0,4.0,4.0,3.0,3.0,3.0,3.0,3.0,3.0,4.0
4018.0,4.0,5.0,3.0,5.0,4.0,2.0,5.0,1.0,4.0
4026.0,3.0,2.0,2.0,3.0,1.0,1.0,2.0,1.0,3.0
4066.0,1.0,1.0,4.0,4.0,1.0,1.0,1.0,1.0,1.0
4070.0,1.0,1.0,1.0,1.0,1.0,1.0,1.0,1.0,1.0
4073.0,2.0,2.0,2.0,3.0,1.0,3.0,2.0,4.0,1.0
4074.0,5.0,4.0,2.0,4.0,3.0,3.0,2.0,2.0,5.0
4078.0,2.0,3.0,2.0,5.0,1.0,5.0,2.0,5.0,1.0
4086.0,1.0,1.0,1.0,2.0,1.0,1.0,1.0,1.0,1.0
4088.0,1.0,1.0,1.0,3.0,1.0,1.0,1.0,1.0,1.0
4090.0,5.0,5.0,3.0,5.0,5.0,1.0,2.0,1.0,4.0
4093.0,3.0,1.0,4.0,4.0,1.0,1.0,1.0,1.0,4.0
4096.0,3.0,3.0,3.0,3.0,3.0,3.0,3.0,3.0,3.0
4107.0,2.0,1.0,4.0,5.0,5.0,3.0,2.0,1.0,3.0
4113.0,5.0,4.0,3.0,5.0,3.0,4.0,2.0,2.0,4.0
4117.0,1.0,1.0,1.0,1.0,1.0,1.0,1.0,1.0,1.0
4130.0,1.0,1.0,2.0,1.0,1.0,3.0,1.0,1.0,1.0
4133.0,1.0,3.0,4.0,5.0,1.0,1.0,1.0,1.0,1.0
4140.0,2.0,4.0,3.0,4.0,1.0,2.0,2.0,2.0,2.0
4141.0,2.0,3.0,2.0,5.0,1.0,1.0,1.0,3.0,3.0
4160.0,3.0,2.0,2.0,2.0,3.0,3.0,2.0,2.0,3.0
4164.0,2.0,3.0,2.0,4.0,1.0,2.0,2.0,1.0,3.0
4191.0,5.0,5.0,4.0,5.0,1.0,1.0,5.0,1.0,5.0
4192.0,5.0,3.0,1.0,3.0,1.0,1.0,1.0,1.0,5.0
4209.0,2.0,1.0,2.0,3.0,1.0,3.0,1.0,1.0,1.0
4210.0,5.0,5.0,4.0,3.0,1.0,1.0,5.0,1.0,4.0
4214.0,5.0,4.0,1.0,5.0,1.0,2.0,4.0,1.0,5.0
4247.0,5.0,1.0,1.0,1.0,1.0,1.0,1.0,1.0,2.0
4257.0,5.0,5.0,3.0,5.0,4.0,1.0,4.0,1.0,5.0
4269.0,5.0,4.0,2.0,3.0,2.0,1.0,2.0,1.0,4.0
4276.0,5.0,2.0,1.0,4.0,1.0,1.0,1.0,1.0,3.0
4282.0,4.0,1.0,1.0,1.0,1.0,1.0,1.0,1.0,4.0
4292.0,4.0,4.0,4.0,4.0,4.0,4.0,4.0,4.0,4.0
4301.0,4.0,4.0,3.0,4.0,3.0,3.0,4.0,3.0,4.0
4306.0,4.0,3.0,2.0,4.0,2.0,3.0,4.0,3.0,4.0
4308.0,4.0,5.0,4.0,5.0,3.0,1.0,4.0,1.0,4.0
4319.0,2.0,5.0,2.0,5.0,1.0,3.0,2.0,1.0,4.0
4321.0,5.0,3.0,1.0,5.0,1.0,4.0,1.0,1.0,5.0
4322.0,2.0,3.0,4.0,2.0,1.0,1.0,1.0,1.0,1.0
4341.0,3.0,5.0,4.0,5.0,1.0,2.0,4.0,2.0,5.0
4348.0,3.0,1.0,2.0,2.0,1.0,1.0,1.0,1.0,3.0
4355.0,2.0,1.0,4.0,3.0,1.0,1.0,2.0,1.0,1.0
4357.0,5.0,2.0,1.0,3.0,4.0,1.0,1.0,1.0,3.0
4371.0,1.0,1.0,1.0,2.0,1.0,3.0,1.0,1.0,1.0
4379.0,2.0,5.0,4.0,4.0,2.0,2.0,4.0,1.0,2.0
4387.0,1.0,2.0,3.0,4.0,2.0,1.0,2.0,1.0,2.0
4389.0,5.0,5.0,1.0,5.0,1.0,1.0,5.0,1.0,5.0
4402.0,3.0,3.0,3.0,3.0,3.0,3.0,3.0,3.0,3.0
4409.0,1.0,2.0,1.0,2.0,1.0,1.0,1.0,1.0,4.0
4416.0,4.0,3.0,1.0,5.0,1.0,1.0,1.0,1.0,1.0
4425.0,3.0,5.0,4.0,5.0,1.0,1.0,3.0,1.0,4.0
4435.0,5.0,2.0,1.0,2.0,1.0,1.0,2.0,1.0,4.0
4450.0,5.0,5.0,1.0,5.0,1.0,1.0,1.0,1.0,5.0
4454.0,3.0,3.0,3.0,3.0,3.0,3.0,3.0,3.0,3.0
4457.0,2.0,2.0,3.0,3.0,2.0,3.0,2.0,2.0,2.0
4467.0,5.0,5.0,4.0,5.0,3.0,4.0,5.0,4.0,4.0
4472.0,2.0,2.0,3.0,3.0,1.0,2.0,3.0,2.0,5.0
4484.0,3.0,5.0,5.0,5.0,1.0,3.0,5.0,3.0,1.0
4494.0,1.0,1.0,1.0,4.0,1.0,4.0,1.0,1.0,1.0
4512.0,1.0,1.0,1.0,2.0,1.0,1.0,1.0,1.0,1.0
4520.0,5.0,5.0,5.0,5.0,5.0,1.0,5.0,5.0,5.0
4524.0,4.0,4.0,2.0,3.0,1.0,4.0,3.0,1.0,1.0
4552.0,2.0,3.0,2.0,2.0,1.0,1.0,2.0,3.0,5.0
4565.0,5.0,4.0,1.0,4.0,2.0,1.0,4.0,1.0,5.0
4569.0,2.0,3.0,2.0,3.0,5.0,3.0,3.0,3.0,4.0
4574.0,3.0,1.0,4.0,5.0,1.0,1.0,1.0,1.0,1.0
4575.0,1.0,1.0,1.0,5.0,1.0,1.0,1.0,1.0,4.0
4576.0,1.0,1.0,1.0,1.0,1.0,1.0,1.0,1.0,1.0
4582.0,5.0,1.0,1.0,1.0,1.0,1.0,1.0,1.0,1.0
4584.0,4.0,4.0,4.0,5.0,2.0,1.0,3.0,1.0,4.0
4599.0,3.0,2.0,2.0,3.0,2.0,2.0,3.0,3.0,1.0
4613.0,1.0,4.0,1.0,5.0,1.0,1.0,2.0,1.0,1.0
4615.0,1.0,1.0,5.0,1.0,1.0,1.0,1.0,1.0,4.0
4626.0,3.0,3.0,3.0,3.0,3.0,2.0,3.0,1.0,3.0
4630.0,2.0,2.0,2.0,2.0,5.0,2.0,2.0,2.0,2.0
4637.0,1.0,1.0,1.0,5.0,1.0,1.0,1.0,1.0,1.0
4638.0,5.0,3.0,2.0,4.0,1.0,4.0,2.0,1.0,5.0
4642.0,3.0,1.0,3.0,5.0,1.0,1.0,1.0,1.0,1.0
4652.0,2.0,2.0,2.0,5.0,2.0,3.0,1.0,2.0,2.0
4663.0,1.0,1.0,1.0,5.0,1.0,1.0,1.0,5.0,1.0
4676.0,1.0,1.0,5.0,3.0,1.0,4.0,1.0,1.0,1.0
4683.0,3.0,3.0,3.0,3.0,1.0,2.0,2.0,2.0,3.0
4692.0,1.0,2.0,1.0,4.0,1.0,2.0,1.0,1.0,4.0
4705.0,3.0,3.0,4.0,3.0,3.0,4.0,3.0,3.0,3.0
4707.0,1.0,2.0,2.0,5.0,1.0,1.0,2.0,1.0,1.0
4731.0,1.0,1.0,1.0,3.0,1.0,1.0,1.0,1.0,2.0
4734.0,1.0,1.0,1.0,5.0,5.0,5.0,1.0,5.0,5.0
4737.0,5.0,5.0,1.0,5.0,1.0,1.0,5.0,1.0,5.0
4738.0,1.0,2.0,2.0,5.0,5.0,5.0,2.0,1.0,5.0
4763.0,3.0,2.0,4.0,5.0,3.0,3.0,1.0,1.0,4.0
4765.0,5.0,5.0,1.0,5.0,4.0,1.0,4.0,1.0,5.0
4777.0,5.0,4.0,1.0,5.0,4.0,2.0,5.0,1.0,4.0
4787.0,4.0,4.0,3.0,4.0,3.0,2.0,3.0,2.0,3.0
4793.0,5.0,5.0,1.0,4.0,5.0,4.0,4.0,1.0,5.0
4797.0,5.0,5.0,1.0,5.0,1.0,1.0,1.0,1.0,1.0
4801.0,5.0,5.0,5.0,5.0,1.0,4.0,4.0,3.0,4.0
4804.0,5.0,4.0,1.0,3.0,2.0,1.0,1.0,1.0,5.0
4806.0,2.0,1.0,3.0,4.0,1.0,2.0,1.0,1.0,1.0
4812.0,3.0,1.0,1.0,5.0,1.0,1.0,1.0,1.0,4.0
4822.0,1.0,1.0,3.0,3.0,1.0,1.0,1.0,1.0,1.0
4841.0,5.0,3.0,2.0,5.0,1.0,1.0,1.0,1.0,3.0
4849.0,4.0,3.0,1.0,3.0,2.0,2.0,1.0,1.0,5.0
4852.0,1.0,1.0,1.0,5.0,1.0,5.0,1.0,1.0,1.0
4856.0,5.0,3.0,1.0,4.0,1.0,1.0,1.0,1.0,3.0
4864.0,3.0,1.0,1.0,4.0,1.0,3.0,1.0,1.0,5.0
4865.0,5.0,4.0,2.0,3.0,1.0,2.0,1.0,1.0,4.0
4881.0,1.0,2.0,1.0,2.0,1.0,1.0,1.0,1.0,3.0
4883.0,4.0,4.0,4.0,5.0,4.0,4.0,3.0,2.0,2.0
4904.0,3.0,3.0,3.0,4.0,4.0,3.0,4.0,3.0,4.0
4913.0,5.0,4.0,5.0,5.0,2.0,3.0,5.0,1.0,2.0
4939.0,1.0,1.0,1.0,5.0,1.0,1.0,1.0,3.0,1.0
4941.0,2.0,1.0,3.0,5.0,1.0,4.0,3.0,3.0,2.0
4964.0,1.0,1.0,1.0,5.0,1.0,1.0,1.0,1.0,1.0
4979.0,1.0,1.0,1.0,3.0,4.0,1.0,1.0,1.0,2.0
4991.0,1.0,1.0,1.0,1.0,1.0,5.0,1.0,1.0,1.0
4992.0,5.0,5.0,2.0,4.0,4.0,1.0,4.0,1.0,3.0
5002.0,5.0,3.0,1.0,2.0,1.0,1.0,1.0,1.0,5.0
5006.0,5.0,1.0,1.0,3.0,1.0,1.0,1.0,1.0,4.0
5010.0,1.0,2.0,1.0,3.0,1.0,4.0,1.0,4.0,1.0
5017.0,4.0,3.0,3.0,3.0,2.0,1.0,1.0,1.0,3.0
5025.0,4.0,2.0,4.0,4.0,1.0,3.0,2.0,1.0,4.0
5035.0,1.0,1.0,4.0,5.0,1.0,1.0,1.0,1.0,3.0
5037.0,2.0,2.0,2.0,3.0,2.0,3.0,2.0,3.0,2.0
5061.0,5.0,5.0,3.0,5.0,1.0,1.0,3.0,1.0,5.0
5066.0,3.0,2.0,3.0,5.0,3.0,2.0,1.0,2.0,4.0
5067.0,1.0,2.0,1.0,2.0,1.0,1.0,1.0,1.0,3.0
5070.0,3.0,1.0,1.0,5.0,1.0,1.0,1.0,1.0,3.0
5075.0,1.0,1.0,3.0,4.0,3.0,1.0,1.0,1.0,1.0
5084.0,4.0,3.0,4.0,5.0,1.0,1.0,1.0,1.0,2.0
5099.0,5.0,5.0,1.0,5.0,5.0,1.0,5.0,1.0,5.0
5101.0,5.0,5.0,3.0,5.0,1.0,3.0,3.0,1.0,5.0
5115.0,2.0,1.0,1.0,4.0,1.0,4.0,2.0,4.0,5.0
5123.0,4.0,2.0,2.0,1.0,1.0,2.0,1.0,1.0,1.0
5134.0,4.0,4.0,2.0,3.0,3.0,1.0,3.0,1.0,3.0
5136.0,5.0,5.0,2.0,2.0,1.0,2.0,1.0,1.0,5.0
5137.0,1.0,1.0,1.0,3.0,3.0,1.0,1.0,1.0,3.0
5138.0,2.0,2.0,3.0,3.0,3.0,3.0,2.0,2.0,3.0
5140.0,1.0,1.0,1.0,1.0,1.0,1.0,1.0,1.0,1.0
5166.0,2.0,3.0,3.0,3.0,2.0,2.0,2.0,2.0,2.0
5167.0,2.0,4.0,4.0,3.0,1.0,2.0,4.0,1.0,3.0
5168.0,2.0,2.0,1.0,1.0,1.0,1.0,1.0,1.0,5.0
5182.0,4.0,4.0,1.0,5.0,1.0,4.0,4.0,2.0,2.0
5191.0,1.0,1.0,1.0,4.0,1.0,1.0,1.0,1.0,1.0
5193.0,1.0,3.0,3.0,5.0,1.0,1.0,1.0,1.0,1.0
5198.0,1.0,1.0,1.0,3.0,1.0,5.0,1.0,1.0,1.0
5204.0,1.0,1.0,2.0,4.0,1.0,1.0,1.0,1.0,4.0
5209.0,1.0,1.0,1.0,1.0,5.0,1.0,1.0,1.0,1.0
5211.0,1.0,1.0,1.0,2.0,1.0,4.0,1.0,1.0,1.0
5238.0,1.0,1.0,1.0,4.0,1.0,1.0,1.0,1.0,1.0
5240.0,5.0,5.0,5.0,5.0,4.0,2.0,5.0,3.0,3.0
5250.0,4.0,4.0,2.0,3.0,4.0,4.0,2.0,4.0,4.0
5258.0,3.0,3.0,3.0,3.0,2.0,5.0,3.0,3.0,3.0
5260.0,1.0,1.0,1.0,1.0,1.0,1.0,1.0,1.0,1.0
5272.0,1.0,2.0,1.0,5.0,1.0,1.0,1.0,3.0,2.0
5273.0,1.0,1.0,1.0,1.0,1.0,5.0,1.0,1.0,1.0
5281.0,2.0,2.0,2.0,3.0,3.0,4.0,2.0,3.0,2.0
5291.0,3.0,2.0,2.0,1.0,4.0,3.0,2.0,4.0,3.0
5297.0,1.0,1.0,1.0,3.0,1.0,1.0,1.0,1.0,1.0
5311.0,1.0,1.0,1.0,5.0,5.0,1.0,1.0,1.0,1.0
5312.0,1.0,1.0,1.0,2.0,4.0,1.0,1.0,1.0,3.0
5321.0,1.0,1.0,1.0,2.0,5.0,1.0,1.0,1.0,1.0
5324.0,1.0,2.0,3.0,3.0,1.0,2.0,1.0,1.0,1.0
5335.0,5.0,5.0,3.0,3.0,1.0,2.0,4.0,1.0,5.0
5352.0,4.0,3.0,2.0,3.0,2.0,3.0,2.0,3.0,3.0
5369.0,4.0,4.0,2.0,4.0,1.0,3.0,3.0,2.0,4.0
5392.0,5.0,3.0,1.0,3.0,1.0,1.0,2.0,2.0,3.0
5395.0,5.0,2.0,2.0,3.0,1.0,1.0,2.0,1.0,5.0
5400.0,1.0,2.0,1.0,5.0,1.0,1.0,3.0,1.0,4.0
5402.0,1.0,3.0,3.0,5.0,3.0,1.0,2.0,1.0,1.0
5404.0,3.0,4.0,3.0,5.0,1.0,4.0,4.0,3.0,4.0
5420.0,4.0,3.0,3.0,4.0,1.0,2.0,3.0,2.0,4.0
5422.0,1.0,1.0,3.0,4.0,1.0,1.0,1.0,1.0,4.0
5428.0,5.0,3.0,1.0,4.0,1.0,1.0,1.0,1.0,5.0
5437.0,1.0,1.0,5.0,1.0,1.0,1.0,1.0,1.0,1.0
5449.0,3.0,3.0,1.0,2.0,1.0,1.0,1.0,1.0,5.0
5453.0,4.0,4.0,2.0,5.0,1.0,2.0,2.0,2.0,3.0
5480.0,2.0,2.0,2.0,4.0,1.0,1.0,3.0,1.0,1.0
5483.0,2.0,3.0,4.0,4.0,4.0,3.0,3.0,3.0,2.0
5503.0,1.0,2.0,3.0,3.0,1.0,5.0,1.0,1.0,1.0
5506.0,5.0,5.0,3.0,3.0,1.0,3.0,1.0,3.0,5.0
5514.0,1.0,1.0,1.0,1.0,1.0,1.0,1.0,1.0,1.0
5516.0,4.0,4.0,5.0,3.0,4.0,3.0,3.0,3.0,4.0
5522.0,5.0,5.0,3.0,4.0,2.0,3.0,2.0,2.0,5.0
5523.0,2.0,2.0,1.0,3.0,1.0,1.0,1.0,1.0,3.0
5541.0,5.0,4.0,1.0,4.0,1.0,2.0,1.0,3.0,2.0
5556.0,3.0,3.0,1.0,3.0,1.0,1.0,1.0,1.0,1.0
5564.0,4.0,4.0,2.0,5.0,2.0,1.0,1.0,1.0,5.0
5565.0,1.0,1.0,4.0,2.0,1.0,1.0,1.0,1.0,1.0
5582.0,5.0,1.0,1.0,5.0,1.0,1.0,2.0,1.0,4.0
5598.0,5.0,3.0,2.0,4.0,1.0,1.0,2.0,1.0,5.0
5607.0,5.0,5.0,1.0,4.0,5.0,1.0,2.0,1.0,5.0
5611.0,4.0,4.0,3.0,4.0,1.0,3.0,4.0,3.0,2.0
5613.0,1.0,1.0,1.0,4.0,1.0,1.0,1.0,1.0,5.0
5620.0,1.0,5.0,3.0,3.0,3.0,1.0,4.0,1.0,1.0
5639.0,1.0,1.0,1.0,1.0,1.0,1.0,1.0,1.0,3.0
5643.0,4.0,3.0,3.0,4.0,3.0,3.0,2.0,1.0,4.0
5646.0,5.0,4.0,1.0,4.0,5.0,1.0,2.0,1.0,5.0
5648.0,4.0,4.0,4.0,4.0,1.0,1.0,4.0,2.0,4.0
5649.0,1.0,1.0,4.0,5.0,1.0,3.0,1.0,3.0,2.0
5650.0,1.0,1.0,1.0,5.0,1.0,1.0,1.0,1.0,1.0
5663.0,1.0,1.0,1.0,1.0,1.0,5.0,1.0,1.0,1.0
5674.0,4.0,2.0,4.0,2.0,3.0,4.0,4.0,4.0,2.0
5677.0,1.0,1.0,1.0,1.0,1.0,1.0,1.0,1.0,1.0
5690.0,1.0,1.0,1.0,3.0,1.0,1.0,1.0,2.0,3.0
5691.0,1.0,5.0,1.0,4.0,1.0,1.0,1.0,2.0,1.0
5693.0,3.0,3.0,3.0,3.0,3.0,3.0,2.0,3.0,1.0
5694.0,4.0,3.0,3.0,4.0,1.0,3.0,2.0,1.0,3.0
5708.0,2.0,1.0,1.0,5.0,1.0,3.0,1.0,1.0,3.0
5711.0,2.0,3.0,3.0,2.0,3.0,4.0,3.0,1.0,1.0
5722.0,3.0,3.0,3.0,3.0,1.0,1.0,4.0,1.0,5.0
5729.0,5.0,5.0,3.0,5.0,3.0,3.0,3.0,3.0,3.0
5731.0,5.0,5.0,1.0,3.0,1.0,3.0,3.0,1.0,4.0
5737.0,5.0,5.0,1.0,2.0,2.0,1.0,1.0,1.0,5.0
5741.0,4.0,4.0,3.0,5.0,5.0,4.0,5.0,5.0,5.0
5763.0,2.0,2.0,1.0,5.0,1.0,2.0,2.0,1.0,5.0
5779.0,5.0,1.0,1.0,2.0,1.0,4.0,1.0,1.0,1.0
5795.0,5.0,3.0,3.0,2.0,1.0,1.0,5.0,1.0,5.0
5805.0,1.0,1.0,1.0,1.0,5.0,1.0,1.0,1.0,1.0
5830.0,2.0,3.0,3.0,5.0,1.0,4.0,3.0,1.0,3.0
5848.0,1.0,1.0,1.0,1.0,1.0,1.0,1.0,1.0,1.0
5849.0,2.0,2.0,2.0,5.0,2.0,2.0,2.0,2.0,2.0
5850.0,5.0,3.0,3.0,5.0,2.0,2.0,3.0,1.0,5.0
5852.0,1.0,1.0,1.0,5.0,1.0,1.0,1.0,1.0,3.0
5856.0,1.0,5.0,5.0,2.0,1.0,1.0,4.0,1.0,1.0
5862.0,3.0,1.0,2.0,4.0,1.0,2.0,2.0,1.0,2.0
5865.0,1.0,1.0,1.0,3.0,1.0,1.0,1.0,1.0,1.0
5879.0,1.0,1.0,1.0,3.0,1.0,1.0,1.0,1.0,1.0
5883.0,5.0,2.0,2.0,2.0,2.0,2.0,2.0,1.0,4.0
5884.0,1.0,1.0,1.0,1.0,1.0,3.0,1.0,1.0,1.0
5885.0,5.0,4.0,2.0,4.0,4.0,3.0,4.0,2.0,5.0
5888.0,4.0,4.0,5.0,4.0,4.0,4.0,4.0,4.0,4.0
5895.0,2.0,5.0,2.0,5.0,2.0,2.0,2.0,1.0,2.0
5908.0,5.0,4.0,2.0,2.0,1.0,1.0,2.0,1.0,2.0
5927.0,2.0,3.0,3.0,2.0,3.0,1.0,1.0,1.0,2.0
5937.0,5.0,3.0,2.0,1.0,3.0,1.0,1.0,1.0,4.0
5942.0,1.0,1.0,1.0,1.0,1.0,1.0,1.0,1.0,1.0
5970.0,1.0,1.0,1.0,5.0,1.0,3.0,1.0,1.0,1.0
5971.0,3.0,3.0,3.0,5.0,3.0,2.0,3.0,3.0,3.0
5979.0,5.0,1.0,1.0,1.0,1.0,1.0,1.0,1.0,1.0
5988.0,3.0,3.0,3.0,3.0,3.0,3.0,3.0,3.0,3.0
5989.0,3.0,3.0,4.0,5.0,1.0,3.0,3.0,1.0,4.0
5998.0,4.0,1.0,4.0,5.0,1.0,1.0,1.0,1.0,1.0
6007.0,1.0,1.0,1.0,5.0,1.0,1.0,1.0,1.0,1.0
6020.0,5.0,5.0,4.0,5.0,1.0,2.0,2.0,2.0,4.0
6024.0,2.0,1.0,2.0,4.0,1.0,1.0,1.0,1.0,3.0
6039.0,4.0,4.0,2.0,4.0,1.0,1.0,3.0,2.0,1.0
6048.0,4.0,4.0,5.0,4.0,1.0,1.0,2.0,1.0,2.0
6056.0,4.0,4.0,3.0,4.0,4.0,4.0,3.0,3.0,3.0
6063.0,1.0,1.0,3.0,4.0,1.0,1.0,1.0,3.0,3.0
6065.0,2.0,3.0,1.0,4.0,1.0,2.0,1.0,1.0,2.0
6086.0,1.0,2.0,1.0,3.0,1.0,1.0,1.0,1.0,1.0
6089.0,1.0,4.0,4.0,3.0,1.0,4.0,1.0,2.0,2.0
6091.0,5.0,4.0,4.0,5.0,2.0,3.0,3.0,1.0,4.0
6108.0,5.0,5.0,3.0,4.0,1.0,2.0,4.0,1.0,5.0
6127.0,2.0,4.0,3.0,4.0,1.0,5.0,1.0,5.0,1.0
6130.0,4.0,5.0,3.0,4.0,4.0,4.0,4.0,5.0,5.0
6136.0,2.0,4.0,5.0,5.0,1.0,4.0,2.0,2.0,2.0
6150.0,5.0,1.0,1.0,3.0,1.0,1.0,1.0,1.0,5.0
6151.0,1.0,1.0,1.0,1.0,1.0,1.0,1.0,1.0,1.0
6175.0,4.0,4.0,3.0,4.0,3.0,3.0,3.0,3.0,4.0
6176.0,1.0,1.0,1.0,3.0,1.0,1.0,1.0,1.0,1.0
6177.0,3.0,4.0,4.0,4.0,1.0,2.0,3.0,2.0,3.0
6188.0,1.0,1.0,1.0,2.0,4.0,1.0,1.0,1.0,1.0
6198.0,1.0,1.0,1.0,4.0,1.0,1.0,1.0,1.0,4.0
6211.0,1.0,1.0,1.0,2.0,1.0,1.0,1.0,1.0,1.0
6213.0,2.0,2.0,5.0,5.0,1.0,1.0,1.0,1.0,1.0
6220.0,2.0,1.0,3.0,3.0,1.0,1.0,2.0,1.0,3.0
6236.0,5.0,3.0,2.0,3.0,1.0,1.0,2.0,2.0,4.0
6240.0,1.0,1.0,1.0,1.0,1.0,2.0,1.0,1.0,1.0
6252.0,1.0,1.0,1.0,1.0,1.0,1.0,1.0,1.0,1.0
6253.0,1.0,1.0,2.0,3.0,1.0,2.0,1.0,1.0,1.0
6254.0,2.0,3.0,1.0,4.0,1.0,2.0,1.0,1.0,2.0
6259.0,4.0,3.0,2.0,4.0,1.0,1.0,2.0,1.0,4.0
6261.0,1.0,1.0,2.0,2.0,1.0,1.0,1.0,1.0,5.0
6263.0,2.0,2.0,5.0,3.0,1.0,1.0,1.0,1.0,1.0
6266.0,3.0,1.0,1.0,3.0,1.0,1.0,1.0,1.0,1.0
6269.0,3.0,4.0,3.0,4.0,1.0,4.0,4.0,2.0,5.0
6284.0,4.0,5.0,3.0,4.0,4.0,4.0,5.0,1.0,4.0
6286.0,5.0,4.0,5.0,5.0,4.0,1.0,5.0,2.0,5.0
6299.0,5.0,1.0,1.0,4.0,1.0,1.0,1.0,1.0,5.0
6300.0,3.0,3.0,3.0,5.0,1.0,1.0,1.0,1.0,2.0
6301.0,5.0,3.0,2.0,4.0,4.0,1.0,3.0,2.0,5.0
6304.0,1.0,1.0,1.0,4.0,1.0,1.0,1.0,1.0,1.0
6308.0,1.0,1.0,1.0,2.0,1.0,3.0,1.0,3.0,1.0
6318.0,2.0,3.0,4.0,5.0,2.0,3.0,2.0,1.0,3.0
6327.0,3.0,4.0,3.0,4.0,1.0,2.0,3.0,3.0,3.0
6328.0,4.0,4.0,2.0,3.0,1.0,1.0,4.0,1.0,3.0
6330.0,1.0,2.0,3.0,4.0,2.0,1.0,2.0,1.0,1.0
6331.0,1.0,1.0,3.0,2.0,1.0,1.0,1.0,1.0,1.0
6343.0,5.0,5.0,3.0,5.0,3.0,5.0,5.0,3.0,5.0
6347.0,3.0,4.0,2.0,5.0,1.0,1.0,2.0,1.0,4.0
6354.0,3.0,1.0,1.0,5.0,1.0,1.0,1.0,1.0,4.0
6355.0,5.0,4.0,5.0,5.0,5.0,1.0,5.0,1.0,5.0
6356.0,2.0,3.0,3.0,2.0,1.0,1.0,2.0,1.0,5.0
6359.0,1.0,1.0,1.0,1.0,1.0,1.0,1.0,1.0,5.0
6380.0,1.0,1.0,2.0,4.0,1.0,1.0,1.0,2.0,1.0
6402.0,1.0,1.0,2.0,1.0,1.0,1.0,1.0,1.0,1.0
6413.0,2.0,2.0,1.0,2.0,1.0,2.0,3.0,3.0,2.0
6417.0,3.0,4.0,4.0,5.0,4.0,1.0,2.0,1.0,4.0
6419.0,3.0,2.0,3.0,4.0,1.0,2.0,2.0,4.0,1.0
6443.0,1.0,1.0,1.0,3.0,1.0,2.0,1.0,1.0,2.0
6444.0,2.0,2.0,2.0,4.0,2.0,2.0,2.0,2.0,2.0
6472.0,1.0,1.0,5.0,5.0,1.0,1.0,1.0,1.0,1.0
6481.0,5.0,4.0,1.0,2.0,1.0,1.0,4.0,4.0,4.0
6493.0,5.0,3.0,1.0,3.0,1.0,4.0,3.0,1.0,5.0
6496.0,3.0,4.0,1.0,5.0,1.0,1.0,1.0,1.0,5.0
6510.0,1.0,1.0,1.0,1.0,1.0,1.0,1.0,1.0,3.0
6515.0,3.0,1.0,1.0,2.0,1.0,2.0,1.0,1.0,5.0
6527.0,1.0,1.0,1.0,3.0,1.0,1.0,1.0,1.0,1.0
6533.0,3.0,3.0,3.0,4.0,1.0,4.0,2.0,3.0,1.0
6535.0,1.0,1.0,1.0,4.0,1.0,1.0,1.0,2.0,1.0
6565.0,1.0,3.0,2.0,3.0,4.0,2.0,2.0,3.0,1.0
6570.0,3.0,1.0,1.0,1.0,4.0,4.0,2.0,1.0,1.0
6578.0,4.0,1.0,2.0,2.0,1.0,1.0,1.0,1.0,1.0
6579.0,4.0,5.0,5.0,5.0,5.0,1.0,5.0,1.0,5.0
6593.0,1.0,1.0,1.0,3.0,1.0,1.0,1.0,1.0,2.0
6603.0,1.0,2.0,1.0,3.0,1.0,2.0,1.0,1.0,1.0
6606.0,3.0,5.0,5.0,5.0,1.0,3.0,1.0,5.0,5.0
6619.0,5.0,4.0,2.0,3.0,1.0,1.0,5.0,1.0,5.0
6629.0,3.0,1.0,1.0,3.0,1.0,1.0,1.0,1.0,2.0
6657.0,1.0,1.0,3.0,1.0,1.0,1.0,1.0,3.0,1.0
6697.0,4.0,2.0,2.0,3.0,1.0,1.0,1.0,1.0,2.0
6710.0,1.0,2.0,5.0,5.0,1.0,2.0,1.0,1.0,1.0
6737.0,3.0,2.0,3.0,4.0,1.0,2.0,2.0,1.0,2.0
6739.0,3.0,4.0,3.0,5.0,2.0,1.0,3.0,1.0,5.0
6750.0,4.0,1.0,4.0,4.0,1.0,1.0,1.0,1.0,1.0
6754.0,4.0,5.0,2.0,5.0,2.0,1.0,4.0,1.0,3.0
6760.0,5.0,5.0,2.0,3.0,1.0,1.0,1.0,1.0,3.0
6765.0,5.0,5.0,2.0,4.0,1.0,2.0,4.0,1.0,3.0
6771.0,1.0,2.0,2.0,4.0,1.0,1.0,1.0,1.0,1.0
6796.0,4.0,4.0,4.0,4.0,4.0,4.0,4.0,4.0,4.0
6799.0,3.0,4.0,4.0,4.0,1.0,2.0,3.0,1.0,2.0
6814.0,3.0,2.0,2.0,3.0,1.0,1.0,3.0,1.0,2.0
6824.0,2.0,1.0,3.0,4.0,1.0,3.0,1.0,1.0,1.0
6830.0,1.0,1.0,1.0,3.0,1.0,1.0,1.0,1.0,1.0
6831.0,1.0,1.0,4.0,4.0,1.0,1.0,1.0,1.0,1.0
6833.0,1.0,2.0,4.0,3.0,1.0,1.0,1.0,3.0,1.0
6835.0,1.0,1.0,1.0,1.0,1.0,4.0,1.0,1.0,1.0
6843.0,1.0,1.0,2.0,4.0,1.0,3.0,2.0,2.0,1.0
6849.0,1.0,1.0,1.0,1.0,1.0,5.0,1.0,1.0,1.0
6852.0,1.0,3.0,5.0,4.0,1.0,1.0,1.0,1.0,1.0
6857.0,3.0,3.0,4.0,3.0,1.0,2.0,3.0,1.0,2.0
6864.0,1.0,1.0,1.0,1.0,1.0,1.0,1.0,1.0,1.0
6867.0,3.0,3.0,2.0,4.0,4.0,3.0,2.0,2.0,4.0
6869.0,1.0,1.0,1.0,2.0,1.0,1.0,1.0,3.0,1.0
6882.0,1.0,1.0,1.0,1.0,5.0,1.0,1.0,1.0,1.0
6883.0,1.0,1.0,1.0,1.0,1.0,1.0,1.0,5.0,1.0
6907.0,4.0,3.0,3.0,3.0,1.0,2.0,4.0,1.0,4.0
6920.0,4.0,2.0,2.0,2.0,1.0,1.0,1.0,1.0,4.0
6924.0,5.0,5.0,5.0,5.0,5.0,5.0,5.0,5.0,5.0
6956.0,5.0,5.0,1.0,5.0,1.0,1.0,1.0,1.0,2.0
6959.0,1.0,1.0,3.0,5.0,1.0,1.0,1.0,1.0,2.0
6967.0,2.0,1.0,1.0,4.0,1.0,2.0,1.0,1.0,3.0
6971.0,3.0,1.0,4.0,4.0,1.0,5.0,1.0,1.0,1.0
6976.0,4.0,4.0,2.0,4.0,1.0,3.0,1.0,1.0,4.0
6977.0,3.0,3.0,1.0,5.0,5.0,1.0,1.0,1.0,1.0
6980.0,3.0,2.0,3.0,5.0,3.0,2.0,3.0,4.0,3.0
6994.0,5.0,5.0,5.0,5.0,1.0,1.0,4.0,1.0,5.0
7002.0,5.0,4.0,3.0,4.0,1.0,3.0,3.0,3.0,5.0
7004.0,3.0,5.0,2.0,5.0,1.0,3.0,3.0,2.0,4.0
7022.0,3.0,2.0,2.0,5.0,2.0,3.0,2.0,1.0,2.0
7025.0,2.0,2.0,3.0,3.0,1.0,1.0,2.0,1.0,5.0
7033.0,1.0,1.0,1.0,5.0,1.0,1.0,1.0,1.0,3.0
7043.0,1.0,1.0,1.0,4.0,1.0,1.0,1.0,1.0,1.0
7070.0,1.0,1.0,1.0,4.0,5.0,1.0,1.0,1.0,1.0
7078.0,4.0,1.0,5.0,4.0,1.0,4.0,4.0,2.0,4.0
7088.0,1.0,1.0,1.0,1.0,1.0,1.0,1.0,1.0,2.0
7100.0,5.0,1.0,1.0,3.0,1.0,1.0,2.0,1.0,5.0
7101.0,5.0,4.0,1.0,1.0,1.0,4.0,5.0,4.0,5.0
7103.0,2.0,4.0,3.0,5.0,1.0,1.0,5.0,1.0,2.0
7124.0,1.0,3.0,1.0,3.0,1.0,1.0,1.0,1.0,3.0
7129.0,5.0,5.0,2.0,3.0,1.0,1.0,3.0,1.0,3.0
7145.0,3.0,4.0,2.0,5.0,1.0,1.0,2.0,1.0,2.0
7146.0,2.0,1.0,1.0,3.0,1.0,4.0,1.0,1.0,1.0
7149.0,4.0,4.0,4.0,4.0,4.0,4.0,4.0,4.0,4.0
7154.0,5.0,4.0,1.0,1.0,1.0,1.0,1.0,1.0,1.0
7167.0,1.0,2.0,2.0,4.0,3.0,2.0,2.0,2.0,2.0
7169.0,4.0,3.0,1.0,3.0,1.0,1.0,1.0,1.0,4.0
7188.0,1.0,1.0,2.0,3.0,1.0,1.0,1.0,1.0,4.0
7198.0,5.0,4.0,3.0,4.0,3.0,1.0,3.0,2.0,5.0
7204.0,2.0,3.0,3.0,5.0,5.0,4.0,2.0,4.0,4.0
7205.0,1.0,2.0,1.0,4.0,3.0,4.0,1.0,1.0,1.0
7211.0,4.0,3.0,4.0,3.0,3.0,3.0,4.0,3.0,2.0
7218.0,5.0,3.0,3.0,5.0,5.0,5.0,4.0,4.0,4.0
7224.0,5.0,4.0,1.0,1.0,1.0,3.0,2.0,2.0,4.0
7255.0,2.0,1.0,3.0,4.0,1.0,2.0,1.0,2.0,1.0
7256.0,5.0,4.0,1.0,2.0,3.0,1.0,4.0,2.0,4.0
7261.0,2.0,2.0,2.0,3.0,1.0,1.0,1.0,1.0,3.0
7267.0,1.0,1.0,1.0,4.0,1.0,1.0,1.0,1.0,1.0
7277.0,2.0,2.0,3.0,5.0,1.0,1.0,1.0,1.0,1.0
7283.0,2.0,2.0,4.0,4.0,2.0,3.0,3.0,1.0,1.0
7285.0,1.0,1.0,1.0,5.0,1.0,2.0,1.0,1.0,1.0
7286.0,1.0,2.0,1.0,2.0,1.0,1.0,2.0,1.0,1.0
7308.0,2.0,3.0,1.0,4.0,1.0,1.0,1.0,1.0,1.0
7321.0,5.0,3.0,4.0,5.0,1.0,1.0,3.0,1.0,4.0
7336.0,1.0,1.0,1.0,2.0,1.0,2.0,1.0,1.0,1.0
7348.0,4.0,4.0,1.0,4.0,1.0,1.0,3.0,1.0,2.0
7352.0,2.0,3.0,2.0,3.0,3.0,2.0,3.0,2.0,3.0
7353.0,1.0,1.0,2.0,3.0,5.0,4.0,1.0,1.0,1.0
7366.0,1.0,2.0,2.0,4.0,1.0,1.0,1.0,1.0,1.0
7379.0,2.0,4.0,4.0,5.0,1.0,3.0,1.0,1.0,3.0
7402.0,4.0,4.0,3.0,4.0,1.0,3.0,1.0,1.0,3.0
7408.0,1.0,2.0,1.0,4.0,1.0,1.0,1.0,1.0,1.0
7429.0,1.0,1.0,1.0,1.0,1.0,1.0,1.0,1.0,1.0
7445.0,2.0,3.0,3.0,4.0,2.0,3.0,3.0,3.0,2.0
7450.0,3.0,5.0,1.0,4.0,1.0,1.0,5.0,1.0,1.0
7455.0,1.0,1.0,1.0,1.0,5.0,1.0,1.0,1.0,1.0
7457.0,1.0,1.0,1.0,5.0,1.0,3.0,1.0,1.0,1.0
7465.0,1.0,1.0,4.0,1.0,1.0,1.0,1.0,1.0,1.0
7475.0,5.0,1.0,2.0,5.0,3.0,1.0,1.0,1.0,1.0
7478.0,2.0,2.0,2.0,3.0,1.0,1.0,2.0,2.0,2.0
7482.0,1.0,2.0,3.0,4.0,1.0,2.0,3.0,2.0,1.0
7490.0,1.0,1.0,1.0,5.0,1.0,1.0,1.0,1.0,1.0
7492.0,5.0,3.0,1.0,3.0,2.0,1.0,1.0,1.0,3.0
7520.0,5.0,1.0,5.0,3.0,1.0,1.0,1.0,1.0,1.0
7524.0,2.0,3.0,1.0,5.0,3.0,2.0,2.0,1.0,2.0
7591.0,2.0,2.0,1.0,5.0,1.0,1.0,2.0,1.0,4.0
7610.0,1.0,2.0,1.0,5.0,1.0,1.0,1.0,3.0,1.0
7616.0,1.0,4.0,5.0,4.0,1.0,1.0,1.0,1.0,4.0
7618.0,2.0,2.0,4.0,2.0,2.0,2.0,2.0,2.0,2.0
7620.0,1.0,1.0,1.0,1.0,5.0,3.0,1.0,2.0,1.0
7625.0,3.0,3.0,4.0,5.0,1.0,2.0,1.0,4.0,3.0
7632.0,1.0,1.0,1.0,4.0,1.0,1.0,1.0,2.0,1.0
7641.0,2.0,2.0,1.0,2.0,1.0,1.0,1.0,1.0,2.0
7655.0,5.0,2.0,3.0,2.0,4.0,5.0,4.0,5.0,5.0
7661.0,5.0,4.0,5.0,5.0,1.0,1.0,2.0,1.0,4.0
7662.0,3.0,3.0,3.0,3.0,1.0,2.0,3.0,3.0,4.0
7671.0,3.0,3.0,1.0,4.0,1.0,1.0,1.0,1.0,3.0
7672.0,3.0,3.0,4.0,5.0,3.0,1.0,3.0,1.0,3.0
7680.0,1.0,1.0,1.0,5.0,2.0,1.0,1.0,1.0,1.0
7682.0,2.0,3.0,2.0,5.0,1.0,1.0,2.0,1.0,1.0
7685.0,1.0,1.0,4.0,3.0,1.0,1.0,1.0,1.0,1.0
7689.0,3.0,3.0,2.0,4.0,2.0,2.0,2.0,3.0,2.0
7698.0,1.0,1.0,1.0,4.0,1.0,5.0,1.0,1.0,1.0
7701.0,2.0,1.0,2.0,4.0,1.0,1.0,1.0,1.0,1.0
7716.0,4.0,4.0,3.0,4.0,1.0,1.0,2.0,1.0,3.0
7724.0,3.0,4.0,4.0,4.0,1.0,3.0,5.0,4.0,4.0
7736.0,2.0,3.0,2.0,4.0,2.0,1.0,3.0,1.0,2.0
7741.0,5.0,5.0,4.0,4.0,4.0,1.0,3.0,1.0,3.0
7745.0,1.0,1.0,1.0,1.0,2.0,2.0,1.0,1.0,1.0
7755.0,5.0,5.0,3.0,4.0,1.0,1.0,4.0,1.0,5.0
7767.0,1.0,1.0,1.0,5.0,1.0,1.0,1.0,1.0,2.0
7790.0,1.0,1.0,1.0,4.0,1.0,1.0,1.0,1.0,2.0
7792.0,1.0,1.0,1.0,1.0,1.0,1.0,1.0,1.0,1.0
7799.0,3.0,4.0,1.0,5.0,4.0,3.0,3.0,2.0,3.0
7804.0,5.0,3.0,2.0,4.0,2.0,2.0,2.0,2.0,5.0
7819.0,3.0,4.0,3.0,5.0,1.0,1.0,3.0,4.0,4.0
7831.0,2.0,3.0,2.0,4.0,1.0,1.0,2.0,1.0,1.0
7834.0,1.0,1.0,1.0,1.0,1.0,5.0,1.0,1.0,1.0
7852.0,4.0,3.0,4.0,4.0,3.0,2.0,3.0,1.0,4.0
7884.0,5.0,2.0,1.0,4.0,1.0,5.0,2.0,1.0,5.0
7886.0,5.0,3.0,1.0,3.0,1.0,1.0,1.0,1.0,2.0
7909.0,4.0,4.0,4.0,5.0,3.0,1.0,4.0,3.0,2.0
7920.0,1.0,1.0,1.0,1.0,1.0,1.0,1.0,1.0,1.0
7922.0,1.0,1.0,1.0,4.0,4.0,1.0,1.0,1.0,1.0
7939.0,5.0,5.0,1.0,2.0,1.0,2.0,2.0,1.0,2.0
7951.0,2.0,3.0,4.0,5.0,3.0,4.0,1.0,4.0,5.0
7956.0,1.0,1.0,1.0,2.0,1.0,1.0,1.0,1.0,1.0
7980.0,2.0,2.0,2.0,4.0,2.0,3.0,2.0,2.0,2.0
7982.0,2.0,2.0,4.0,3.0,2.0,1.0,1.0,1.0,5.0
8001.0,2.0,3.0,3.0,3.0,3.0,5.0,2.0,2.0,3.0
8012.0,2.0,4.0,4.0,5.0,1.0,1.0,2.0,1.0,3.0
8029.0,1.0,1.0,1.0,5.0,1.0,1.0,2.0,1.0,2.0
8050.0,5.0,1.0,1.0,3.0,1.0,1.0,1.0,1.0,5.0
8061.0,1.0,1.0,1.0,1.0,5.0,1.0,1.0,1.0,1.0
8064.0,5.0,5.0,1.0,4.0,5.0,1.0,5.0,1.0,1.0
8080.0,5.0,1.0,1.0,1.0,1.0,1.0,1.0,1.0,5.0
8083.0,2.0,2.0,2.0,2.0,2.0,2.0,2.0,1.0,1.0
8088.0,4.0,4.0,3.0,5.0,2.0,2.0,3.0,2.0,4.0
8103.0,1.0,1.0,1.0,1.0,1.0,1.0,1.0,1.0,1.0
8171.0,5.0,5.0,1.0,5.0,1.0,1.0,3.0,1.0,5.0
8210.0,3.0,2.0,1.0,4.0,2.0,4.0,2.0,2.0,1.0
8211.0,2.0,1.0,1.0,4.0,1.0,2.0,1.0,4.0,1.0
8213.0,3.0,3.0,3.0,3.0,1.0,3.0,3.0,2.0,1.0
8246.0,1.0,1.0,2.0,3.0,1.0,1.0,1.0,1.0,1.0
8264.0,1.0,1.0,4.0,3.0,1.0,1.0,1.0,1.0,1.0
8274.0,1.0,1.0,1.0,1.0,1.0,1.0,1.0,1.0,1.0
8288.0,2.0,2.0,1.0,3.0,1.0,1.0,1.0,1.0,3.0
8296.0,1.0,1.0,1.0,1.0,1.0,5.0,1.0,1.0,1.0
8298.0,1.0,1.0,1.0,5.0,1.0,1.0,1.0,1.0,1.0
8303.0,1.0,1.0,5.0,3.0,1.0,1.0,1.0,1.0,1.0
8310.0,2.0,1.0,3.0,4.0,1.0,3.0,1.0,2.0,5.0
8334.0,5.0,5.0,1.0,5.0,1.0,1.0,3.0,1.0,5.0
8360.0,1.0,1.0,1.0,2.0,1.0,1.0,1.0,1.0,1.0
8377.0,1.0,1.0,1.0,1.0,1.0,5.0,1.0,1.0,1.0
8405.0,1.0,1.0,1.0,4.0,1.0,1.0,1.0,1.0,1.0
8411.0,5.0,4.0,3.0,4.0,1.0,1.0,4.0,1.0,5.0
8414.0,4.0,1.0,1.0,5.0,5.0,3.0,1.0,4.0,3.0
8420.0,2.0,2.0,2.0,2.0,2.0,2.0,2.0,2.0,4.0
8422.0,1.0,1.0,5.0,3.0,2.0,2.0,2.0,4.0,1.0
8434.0,5.0,5.0,1.0,5.0,1.0,1.0,5.0,1.0,5.0
8440.0,1.0,2.0,1.0,4.0,1.0,1.0,1.0,1.0,1.0
8447.0,4.0,3.0,2.0,4.0,2.0,2.0,2.0,3.0,4.0
8450.0,4.0,5.0,1.0,4.0,1.0,1.0,1.0,1.0,5.0
8481.0,3.0,3.0,3.0,4.0,4.0,3.0,3.0,3.0,3.0
8486.0,3.0,4.0,2.0,3.0,5.0,5.0,4.0,1.0,1.0
8490.0,1.0,1.0,1.0,1.0,1.0,3.0,1.0,1.0,1.0
8491.0,1.0,4.0,1.0,5.0,1.0,1.0,1.0,1.0,1.0
8520.0,3.0,1.0,4.0,4.0,1.0,1.0,1.0,1.0,3.0
8523.0,2.0,4.0,1.0,5.0,1.0,5.0,1.0,1.0,1.0
8535.0,3.0,3.0,2.0,5.0,1.0,1.0,3.0,3.0,2.0
8545.0,2.0,2.0,2.0,4.0,2.0,2.0,2.0,3.0,3.0
8551.0,1.0,1.0,1.0,3.0,1.0,1.0,1.0,1.0,1.0
8567.0,5.0,4.0,2.0,4.0,2.0,2.0,4.0,1.0,5.0
8576.0,1.0,1.0,1.0,2.0,1.0,2.0,1.0,1.0,1.0
8584.0,5.0,4.0,4.0,4.0,1.0,1.0,1.0,5.0,4.0
8599.0,1.0,1.0,1.0,4.0,1.0,1.0,1.0,1.0,1.0
8602.0,1.0,1.0,1.0,5.0,1.0,1.0,1.0,1.0,1.0
8614.0,2.0,4.0,4.0,2.0,1.0,1.0,3.0,4.0,1.0
8621.0,5.0,3.0,1.0,1.0,1.0,4.0,2.0,3.0,1.0
8622.0,1.0,1.0,1.0,5.0,1.0,1.0,1.0,1.0,1.0
8646.0,5.0,5.0,4.0,5.0,1.0,3.0,3.0,5.0,5.0
8650.0,5.0,2.0,1.0,2.0,1.0,1.0,1.0,1.0,5.0
8669.0,2.0,5.0,4.0,4.0,5.0,3.0,3.0,1.0,5.0
8680.0,4.0,4.0,1.0,5.0,1.0,1.0,2.0,1.0,4.0
8689.0,1.0,1.0,1.0,1.0,1.0,5.0,1.0,1.0,1.0
8710.0,1.0,1.0,1.0,3.0,1.0,1.0,1.0,1.0,1.0
8724.0,1.0,1.0,1.0,5.0,1.0,1.0,1.0,5.0,1.0
8742.0,5.0,5.0,3.0,4.0,2.0,1.0,4.0,1.0,5.0
8767.0,1.0,2.0,1.0,4.0,1.0,1.0,2.0,1.0,1.0
8778.0,1.0,1.0,1.0,4.0,1.0,5.0,1.0,1.0,1.0
8793.0,1.0,1.0,1.0,3.0,1.0,1.0,1.0,1.0,1.0
8809.0,1.0,1.0,2.0,5.0,1.0,1.0,1.0,2.0,1.0
8819.0,3.0,1.0,1.0,3.0,1.0,3.0,1.0,1.0,3.0
8823.0,3.0,3.0,3.0,5.0,5.0,3.0,3.0,3.0,3.0
8828.0,1.0,1.0,1.0,1.0,1.0,2.0,1.0,1.0,1.0
8838.0,3.0,5.0,2.0,5.0,4.0,2.0,4.0,1.0,4.0
8842.0,1.0,1.0,1.0,1.0,1.0,1.0,1.0,1.0,1.0
8883.0,3.0,2.0,1.0,2.0,2.0,5.0,2.0,5.0,1.0
8887.0,1.0,1.0,4.0,5.0,1.0,1.0,1.0,1.0,1.0
8898.0,4.0,3.0,5.0,5.0,1.0,1.0,4.0,1.0,1.0
8910.0,5.0,5.0,1.0,5.0,1.0,1.0,5.0,1.0,5.0
8918.0,5.0,1.0,1.0,2.0,1.0,1.0,1.0,1.0,5.0
8935.0,3.0,3.0,2.0,4.0,1.0,1.0,1.0,1.0,3.0
8956.0,4.0,3.0,2.0,5.0,5.0,2.0,3.0,3.0,5.0
8972.0,,,,,,,,,
8981.0,2.0,3.0,5.0,5.0,1.0,2.0,3.0,1.0,1.0
8997.0,1.0,1.0,1.0,3.0,2.0,1.0,1.0,1.0,1.0
8999.0,1.0,1.0,1.0,4.0,1.0,1.0,1.0,1.0,1.0
9022.0,1.0,1.0,1.0,5.0,1.0,5.0,1.0,4.0,4.0
9039.0,1.0,2.0,2.0,4.0,1.0,1.0,1.0,1.0,4.0
9040.0,1.0,1.0,1.0,5.0,1.0,1.0,1.0,1.0,1.0
9042.0,4.0,4.0,4.0,4.0,4.0,4.0,4.0,4.0,4.0
9051.0,1.0,3.0,4.0,4.0,1.0,1.0,1.0,1.0,1.0
9066.0,2.0,2.0,2.0,4.0,1.0,1.0,1.0,1.0,2.0
9076.0,1.0,2.0,2.0,2.0,2.0,2.0,2.0,2.0,2.0
9085.0,5.0,2.0,1.0,1.0,1.0,3.0,1.0,1.0,4.0
9090.0,1.0,1.0,1.0,3.0,1.0,1.0,1.0,1.0,1.0
9092.0,5.0,5.0,1.0,4.0,2.0,1.0,2.0,1.0,3.0
9104.0,3.0,4.0,3.0,5.0,5.0,3.0,2.0,2.0,4.0
9111.0,1.0,1.0,1.0,1.0,1.0,5.0,1.0,1.0,3.0
9117.0,3.0,3.0,3.0,5.0,3.0,3.0,3.0,3.0,3.0
9120.0,1.0,1.0,1.0,4.0,1.0,1.0,1.0,1.0,3.0
9123.0,2.0,1.0,2.0,4.0,1.0,4.0,1.0,2.0,1.0
9143.0,3.0,2.0,4.0,4.0,1.0,4.0,1.0,3.0,1.0
9145.0,3.0,3.0,4.0,4.0,1.0,1.0,1.0,1.0,2.0
9170.0,3.0,3.0,2.0,4.0,1.0,1.0,2.0,2.0,3.0
9175.0,1.0,1.0,1.0,2.0,1.0,4.0,1.0,1.0,1.0
9183.0,1.0,2.0,2.0,4.0,1.0,2.0,1.0,3.0,1.0
9193.0,3.0,3.0,3.0,3.0,3.0,3.0,3.0,3.0,3.0
9207.0,1.0,1.0,1.0,3.0,2.0,2.0,2.0,2.0,1.0
9217.0,1.0,2.0,1.0,1.0,1.0,2.0,1.0,1.0,1.0
9223.0,5.0,3.0,2.0,2.0,4.0,1.0,1.0,1.0,5.0
9250.0,1.0,3.0,3.0,3.0,1.0,5.0,1.0,1.0,1.0
9255.0,4.0,5.0,5.0,5.0,1.0,1.0,2.0,1.0,4.0
9264.0,1.0,4.0,5.0,5.0,2.0,2.0,2.0,3.0,2.0
9279.0,4.0,5.0,3.0,4.0,2.0,2.0,4.0,2.0,1.0
9285.0,5.0,1.0,1.0,3.0,1.0,1.0,1.0,1.0,5.0
9291.0,1.0,1.0,1.0,5.0,1.0,1.0,1.0,1.0,1.0
9299.0,1.0,1.0,1.0,2.0,1.0,1.0,1.0,1.0,1.0
9309.0,5.0,3.0,1.0,3.0,3.0,2.0,2.0,1.0,3.0
9320.0,3.0,3.0,3.0,5.0,1.0,1.0,3.0,1.0,3.0
9324.0,2.0,2.0,3.0,4.0,1.0,4.0,1.0,1.0,2.0
9358.0,1.0,1.0,3.0,4.0,1.0,1.0,1.0,1.0,1.0
9375.0,1.0,1.0,1.0,1.0,1.0,1.0,1.0,1.0,1.0
9391.0,3.0,5.0,1.0,3.0,1.0,3.0,1.0,3.0,1.0
9402.0,1.0,1.0,1.0,1.0,1.0,1.0,1.0,1.0,1.0
9413.0,1.0,1.0,1.0,4.0,1.0,1.0,1.0,2.0,1.0
9425.0,1.0,1.0,1.0,5.0,1.0,1.0,1.0,1.0,1.0
9445.0,1.0,1.0,3.0,4.0,3.0,1.0,1.0,1.0,1.0
9462.0,1.0,2.0,2.0,5.0,1.0,1.0,1.0,3.0,1.0
9556.0,3.0,4.0,3.0,5.0,1.0,2.0,3.0,2.0,1.0
9561.0,4.0,4.0,1.0,3.0,1.0,3.0,1.0,3.0,4.0
9566.0,4.0,4.0,1.0,4.0,1.0,2.0,1.0,3.0,4.0
9576.0,3.0,4.0,2.0,5.0,3.0,3.0,3.0,2.0,2.0
9577.0,1.0,5.0,3.0,3.0,1.0,2.0,3.0,1.0,1.0
9578.0,5.0,5.0,2.0,4.0,1.0,2.0,3.0,1.0,4.0
9591.0,5.0,5.0,5.0,5.0,1.0,1.0,3.0,1.0,5.0
9592.0,2.0,3.0,3.0,5.0,2.0,1.0,2.0,1.0,4.0
9608.0,5.0,5.0,1.0,3.0,2.0,1.0,2.0,1.0,5.0
9610.0,5.0,5.0,1.0,1.0,3.0,5.0,1.0,1.0,1.0
9614.0,1.0,1.0,1.0,5.0,1.0,1.0,1.0,1.0,1.0
9626.0,1.0,1.0,1.0,1.0,1.0,1.0,1.0,1.0,1.0
9631.0,1.0,1.0,1.0,3.0,1.0,1.0,1.0,1.0,1.0
9635.0,1.0,1.0,1.0,5.0,1.0,1.0,1.0,1.0,1.0
9647.0,1.0,1.0,1.0,5.0,1.0,1.0,1.0,1.0,1.0
9655.0,2.0,2.0,2.0,4.0,1.0,1.0,1.0,2.0,1.0
9666.0,1.0,1.0,3.0,3.0,5.0,1.0,1.0,1.0,1.0
9672.0,1.0,1.0,1.0,5.0,1.0,1.0,1.0,1.0,1.0
9675.0,1.0,2.0,2.0,5.0,2.0,1.0,1.0,1.0,5.0
9678.0,1.0,1.0,1.0,2.0,5.0,1.0,1.0,1.0,1.0
9690.0,4.0,5.0,1.0,4.0,1.0,1.0,1.0,2.0,2.0
9692.0,4.0,3.0,2.0,4.0,3.0,1.0,3.0,2.0,4.0
9703.0,2.0,2.0,1.0,5.0,1.0,1.0,1.0,1.0,5.0
9709.0,3.0,4.0,1.0,4.0,1.0,2.0,2.0,1.0,1.0
9714.0,4.0,2.0,2.0,2.0,2.0,2.0,2.0,2.0,2.0
9733.0,1.0,4.0,2.0,3.0,2.0,4.0,4.0,1.0,2.0
9743.0,5.0,5.0,5.0,5.0,5.0,5.0,5.0,5.0,5.0
9750.0,4.0,4.0,5.0,4.0,1.0,1.0,1.0,1.0,3.0
9757.0,1.0,1.0,2.0,3.0,1.0,1.0,1.0,1.0,1.0
9762.0,5.0,3.0,2.0,4.0,2.0,4.0,3.0,1.0,5.0
9765.0,1.0,2.0,1.0,3.0,1.0,1.0,1.0,1.0,1.0
9774.0,5.0,5.0,3.0,5.0,5.0,1.0,5.0,1.0,5.0
9779.0,1.0,1.0,1.0,1.0,5.0,1.0,1.0,1.0,1.0
9784.0,1.0,1.0,5.0,5.0,1.0,1.0,1.0,1.0,1.0
9792.0,5.0,3.0,1.0,1.0,4.0,3.0,1.0,3.0,3.0
9795.0,1.0,3.0,1.0,4.0,1.0,1.0,1.0,2.0,1.0
9798.0,3.0,3.0,5.0,3.0,3.0,2.0,3.0,3.0,3.0
9809.0,5.0,4.0,3.0,3.0,3.0,4.0,4.0,1.0,4.0
9812.0,1.0,4.0,1.0,5.0,1.0,1.0,1.0,1.0,1.0
9828.0,1.0,4.0,4.0,4.0,4.0,1.0,1.0,1.0,1.0
9844.0,3.0,3.0,1.0,3.0,1.0,1.0,3.0,1.0,1.0
9872.0,4.0,3.0,4.0,4.0,1.0,2.0,3.0,1.0,4.0
9875.0,5.0,2.0,2.0,2.0,1.0,2.0,2.0,1.0,5.0
9890.0,3.0,3.0,3.0,3.0,5.0,3.0,3.0,2.0,3.0
9901.0,2.0,5.0,1.0,3.0,1.0,1.0,3.0,1.0,4.0
9910.0,1.0,1.0,2.0,4.0,1.0,1.0,1.0,1.0,1.0
9916.0,1.0,1.0,1.0,5.0,1.0,1.0,1.0,1.0,1.0
9924.0,1.0,1.0,1.0,3.0,1.0,1.0,1.0,1.0,1.0
9928.0,5.0,1.0,1.0,3.0,1.0,1.0,1.0,1.0,5.0
9934.0,3.0,5.0,5.0,2.0,1.0,3.0,1.0,1.0,5.0
9938.0,1.0,1.0,1.0,5.0,1.0,1.0,1.0,1.0,1.0
9949.0,1.0,1.0,2.0,4.0,1.0,2.0,1.0,1.0,1.0
9968.0,5.0,5.0,3.0,3.0,3.0,1.0,4.0,1.0,5.0
9984.0,2.0,1.0,1.0,1.0,1.0,3.0,1.0,1.0,4.0
9985.0,3.0,3.0,2.0,4.0,5.0,4.0,2.0,1.0,4.0
9989.0,3.0,4.0,5.0,3.0,1.0,1.0,2.0,2.0,3.0
9993.0,5.0,2.0,2.0,4.0,1.0,1.0,1.0,1.0,5.0
10005.0,4.0,3.0,4.0,4.0,3.0,3.0,3.0,4.0,4.0
10007.0,3.0,3.0,3.0,3.0,3.0,3.0,3.0,3.0,3.0
10009.0,3.0,3.0,2.0,5.0,1.0,1.0,1.0,1.0,5.0
10012.0,2.0,4.0,3.0,5.0,1.0,2.0,2.0,3.0,3.0
10017.0,4.0,4.0,1.0,4.0,2.0,2.0,2.0,2.0,4.0
10019.0,1.0,2.0,2.0,4.0,1.0,5.0,1.0,4.0,4.0
10023.0,5.0,2.0,1.0,3.0,3.0,1.0,2.0,1.0,4.0
10028.0,4.0,3.0,2.0,4.0,1.0,1.0,3.0,1.0,1.0
10029.0,1.0,1.0,1.0,5.0,1.0,1.0,1.0,1.0,1.0
10040.0,5.0,5.0,1.0,5.0,1.0,1.0,1.0,1.0,3.0
10045.0,2.0,2.0,2.0,2.0,2.0,2.0,2.0,2.0,2.0
10051.0,1.0,1.0,1.0,3.0,1.0,1.0,1.0,1.0,1.0
10057.0,4.0,4.0,4.0,5.0,3.0,1.0,4.0,4.0,4.0
10099.0,2.0,5.0,3.0,5.0,3.0,3.0,2.0,3.0,4.0
10100.0,5.0,1.0,1.0,4.0,1.0,1.0,1.0,1.0,3.0
10102.0,1.0,1.0,1.0,3.0,1.0,1.0,1.0,1.0,1.0
10110.0,1.0,1.0,1.0,5.0,1.0,1.0,1.0,3.0,1.0
10114.0,,,,,,,,,
10122.0,4.0,4.0,4.0,4.0,4.0,3.0,3.0,3.0,3.0
10123.0,1.0,2.0,2.0,5.0,1.0,1.0,2.0,1.0,1.0
10127.0,1.0,2.0,3.0,4.0,1.0,4.0,1.0,1.0,2.0
10139.0,1.0,3.0,1.0,4.0,1.0,1.0,1.0,1.0,4.0
10161.0,4.0,1.0,1.0,1.0,1.0,1.0,1.0,1.0,5.0
10164.0,2.0,4.0,2.0,4.0,1.0,3.0,2.0,1.0,4.0
10184.0,4.0,3.0,4.0,4.0,1.0,1.0,2.0,1.0,5.0
10188.0,1.0,1.0,1.0,1.0,1.0,1.0,1.0,1.0,1.0
10193.0,1.0,1.0,3.0,4.0,1.0,1.0,1.0,1.0,5.0
10196.0,4.0,4.0,4.0,4.0,3.0,5.0,4.0,4.0,4.0
10211.0,4.0,2.0,1.0,4.0,1.0,1.0,2.0,1.0,3.0
10224.0,1.0,1.0,1.0,1.0,1.0,5.0,1.0,1.0,1.0
10230.0,1.0,1.0,1.0,3.0,1.0,1.0,1.0,1.0,1.0
10240.0,3.0,3.0,2.0,4.0,1.0,1.0,3.0,1.0,1.0
10250.0,1.0,1.0,1.0,4.0,3.0,1.0,1.0,1.0,1.0
10257.0,1.0,1.0,4.0,4.0,1.0,1.0,1.0,1.0,1.0
10265.0,1.0,3.0,1.0,1.0,1.0,1.0,1.0,1.0,1.0
10270.0,5.0,5.0,1.0,5.0,1.0,1.0,5.0,1.0,3.0
10284.0,4.0,4.0,2.0,5.0,1.0,2.0,3.0,2.0,4.0
10285.0,1.0,1.0,2.0,2.0,1.0,1.0,1.0,1.0,1.0
10288.0,1.0,1.0,1.0,1.0,1.0,2.0,1.0,1.0,1.0
10289.0,3.0,2.0,2.0,4.0,1.0,2.0,1.0,1.0,3.0
10300.0,4.0,4.0,3.0,5.0,2.0,2.0,2.0,1.0,3.0
10303.0,1.0,1.0,1.0,4.0,1.0,1.0,1.0,1.0,1.0
10307.0,4.0,3.0,5.0,4.0,1.0,4.0,5.0,3.0,4.0
10309.0,1.0,1.0,1.0,4.0,1.0,1.0,1.0,1.0,1.0
10314.0,5.0,4.0,4.0,5.0,1.0,1.0,3.0,1.0,5.0
10326.0,1.0,1.0,1.0,1.0,1.0,1.0,1.0,1.0,5.0
10333.0,5.0,4.0,1.0,2.0,1.0,1.0,3.0,1.0,5.0
10335.0,2.0,2.0,4.0,4.0,2.0,1.0,2.0,2.0,1.0
10352.0,1.0,1.0,1.0,5.0,1.0,2.0,1.0,1.0,1.0
10369.0,4.0,3.0,3.0,5.0,1.0,1.0,3.0,1.0,4.0
10370.0,1.0,1.0,1.0,1.0,4.0,1.0,1.0,1.0,1.0
10400.0,5.0,5.0,4.0,5.0,4.0,5.0,5.0,4.0,5.0
10402.0,2.0,2.0,2.0,3.0,4.0,4.0,2.0,2.0,2.0
10429.0,5.0,4.0,1.0,4.0,1.0,1.0,3.0,1.0,5.0
10435.0,5.0,4.0,4.0,4.0,3.0,1.0,3.0,1.0,5.0
10439.0,1.0,1.0,1.0,5.0,5.0,3.0,1.0,1.0,1.0
10443.0,1.0,1.0,1.0,3.0,1.0,1.0,1.0,1.0,3.0
10474.0,2.0,2.0,2.0,3.0,1.0,1.0,2.0,2.0,2.0
10476.0,1.0,1.0,1.0,4.0,1.0,1.0,1.0,1.0,3.0
10483.0,1.0,5.0,1.0,1.0,1.0,1.0,5.0,1.0,1.0
10488.0,1.0,1.0,1.0,2.0,1.0,1.0,1.0,1.0,1.0
10490.0,2.0,3.0,3.0,4.0,1.0,1.0,1.0,1.0,1.0
10492.0,2.0,4.0,3.0,5.0,1.0,2.0,3.0,1.0,3.0
10495.0,2.0,4.0,3.0,5.0,1.0,1.0,1.0,1.0,1.0
10501.0,5.0,5.0,1.0,1.0,1.0,2.0,2.0,1.0,2.0
10508.0,4.0,4.0,1.0,5.0,3.0,1.0,2.0,1.0,3.0
10509.0,1.0,1.0,3.0,4.0,1.0,5.0,2.0,2.0,1.0
10516.0,1.0,1.0,1.0,2.0,1.0,1.0,1.0,2.0,1.0
10535.0,1.0,2.0,4.0,4.0,1.0,1.0,2.0,2.0,1.0
10560.0,5.0,2.0,5.0,1.0,1.0,1.0,1.0,1.0,5.0
10563.0,1.0,2.0,3.0,5.0,1.0,2.0,2.0,1.0,2.0
10572.0,1.0,1.0,1.0,3.0,1.0,5.0,2.0,3.0,1.0
10574.0,5.0,3.0,2.0,2.0,3.0,2.0,4.0,2.0,4.0
10580.0,1.0,1.0,1.0,1.0,1.0,1.0,1.0,1.0,1.0
10582.0,4.0,1.0,3.0,4.0,1.0,1.0,1.0,3.0,2.0
10599.0,3.0,5.0,1.0,4.0,1.0,1.0,3.0,1.0,3.0
10601.0,4.0,3.0,1.0,4.0,1.0,1.0,1.0,1.0,3.0
10649.0,5.0,4.0,3.0,5.0,2.0,1.0,3.0,1.0,5.0
10671.0,1.0,1.0,1.0,1.0,1.0,1.0,1.0,1.0,1.0
10679.0,5.0,4.0,1.0,5.0,1.0,1.0,4.0,1.0,4.0
10680.0,3.0,4.0,4.0,4.0,1.0,3.0,4.0,1.0,4.0
10685.0,5.0,2.0,4.0,4.0,2.0,2.0,2.0,3.0,4.0
10689.0,1.0,2.0,3.0,4.0,1.0,1.0,1.0,1.0,1.0
10690.0,1.0,1.0,1.0,1.0,1.0,3.0,1.0,1.0,1.0
10693.0,1.0,1.0,1.0,3.0,1.0,1.0,1.0,1.0,5.0
10711.0,1.0,4.0,1.0,5.0,1.0,2.0,1.0,1.0,2.0
10716.0,1.0,1.0,1.0,1.0,5.0,5.0,1.0,1.0,1.0
10719.0,1.0,1.0,2.0,1.0,1.0,1.0,1.0,1.0,1.0
10726.0,4.0,5.0,4.0,4.0,4.0,3.0,3.0,4.0,3.0
10749.0,4.0,1.0,1.0,2.0,1.0,1.0,1.0,1.0,4.0
10752.0,1.0,1.0,1.0,5.0,1.0,1.0,1.0,1.0,1.0
10769.0,4.0,4.0,4.0,5.0,5.0,4.0,5.0,5.0,4.0
10772.0,1.0,1.0,1.0,5.0,1.0,3.0,1.0,3.0,1.0
10780.0,2.0,3.0,2.0,4.0,2.0,4.0,2.0,2.0,2.0
10782.0,2.0,2.0,3.0,3.0,1.0,1.0,1.0,1.0,2.0
10783.0,3.0,2.0,3.0,2.0,3.0,5.0,2.0,1.0,1.0
10787.0,1.0,1.0,1.0,1.0,1.0,1.0,1.0,1.0,4.0
10801.0,5.0,3.0,1.0,5.0,1.0,1.0,1.0,1.0,5.0
10802.0,2.0,2.0,2.0,4.0,1.0,2.0,1.0,3.0,4.0
10809.0,5.0,2.0,2.0,4.0,5.0,1.0,1.0,2.0,4.0
10817.0,5.0,3.0,1.0,5.0,1.0,2.0,1.0,1.0,3.0
10821.0,5.0,5.0,5.0,5.0,5.0,5.0,5.0,5.0,5.0
10829.0,1.0,2.0,1.0,3.0,5.0,3.0,1.0,2.0,1.0
10831.0,5.0,2.0,2.0,5.0,1.0,4.0,1.0,2.0,3.0
10837.0,3.0,5.0,2.0,5.0,1.0,2.0,5.0,2.0,1.0
10851.0,3.0,3.0,3.0,3.0,2.0,3.0,3.0,2.0,4.0
10854.0,1.0,1.0,1.0,5.0,1.0,1.0,1.0,1.0,1.0
10855.0,4.0,3.0,1.0,4.0,1.0,1.0,1.0,1.0,5.0
10858.0,5.0,3.0,1.0,3.0,2.0,1.0,1.0,1.0,4.0
10859.0,3.0,2.0,2.0,3.0,1.0,1.0,1.0,1.0,2.0
10865.0,5.0,3.0,1.0,1.0,1.0,1.0,1.0,1.0,1.0
10874.0,1.0,1.0,3.0,4.0,1.0,3.0,1.0,2.0,1.0
10877.0,5.0,3.0,1.0,3.0,1.0,1.0,1.0,1.0,3.0
10884.0,4.0,4.0,1.0,4.0,1.0,1.0,3.0,1.0,4.0
10886.0,5.0,3.0,4.0,4.0,3.0,1.0,1.0,1.0,3.0
10887.0,1.0,1.0,1.0,4.0,1.0,1.0,1.0,1.0,3.0
10905.0,4.0,4.0,1.0,2.0,1.0,2.0,2.0,2.0,2.0
10907.0,4.0,4.0,5.0,3.0,1.0,3.0,5.0,2.0,3.0
10913.0,1.0,5.0,3.0,5.0,1.0,3.0,2.0,1.0,1.0
10928.0,5.0,3.0,1.0,4.0,1.0,1.0,2.0,1.0,5.0
10937.0,5.0,5.0,5.0,5.0,4.0,5.0,5.0,1.0,5.0
10946.0,4.0,4.0,1.0,3.0,1.0,1.0,1.0,1.0,5.0
10957.0,1.0,1.0,4.0,5.0,1.0,1.0,1.0,1.0,2.0
10959.0,4.0,4.0,5.0,4.0,3.0,4.0,4.0,4.0,4.0
10962.0,2.0,2.0,1.0,3.0,1.0,1.0,1.0,1.0,2.0
10974.0,3.0,3.0,4.0,4.0,1.0,1.0,3.0,1.0,4.0
10982.0,1.0,1.0,4.0,5.0,1.0,1.0,1.0,3.0,1.0
10984.0,1.0,1.0,5.0,5.0,1.0,1.0,1.0,1.0,1.0
10988.0,1.0,1.0,1.0,4.0,1.0,1.0,1.0,1.0,1.0
11001.0,2.0,2.0,3.0,4.0,1.0,4.0,1.0,3.0,3.0
11002.0,5.0,4.0,1.0,3.0,1.0,1.0,1.0,1.0,5.0
11007.0,2.0,2.0,1.0,3.0,1.0,1.0,1.0,3.0,2.0
11023.0,2.0,1.0,1.0,1.0,1.0,1.0,1.0,1.0,4.0
11028.0,5.0,1.0,1.0,1.0,1.0,5.0,1.0,1.0,5.0
11029.0,4.0,2.0,1.0,3.0,1.0,1.0,1.0,1.0,4.0
11038.0,5.0,5.0,1.0,2.0,2.0,1.0,5.0,1.0,5.0
11045.0,5.0,3.0,4.0,4.0,1.0,1.0,2.0,1.0,5.0
11054.0,4.0,1.0,1.0,4.0,1.0,1.0,1.0,1.0,4.0
11056.0,2.0,3.0,2.0,4.0,1.0,1.0,1.0,1.0,1.0
11069.0,5.0,2.0,3.0,3.0,5.0,1.0,4.0,1.0,4.0
11074.0,1.0,1.0,1.0,5.0,1.0,1.0,1.0,1.0,1.0
11077.0,2.0,2.0,2.0,4.0,1.0,2.0,2.0,1.0,1.0
11094.0,5.0,4.0,5.0,5.0,5.0,5.0,5.0,5.0,5.0
11096.0,5.0,1.0,1.0,1.0,5.0,1.0,5.0,1.0,1.0
11099.0,1.0,1.0,1.0,3.0,1.0,1.0,1.0,1.0,2.0
11101.0,1.0,1.0,1.0,4.0,1.0,1.0,1.0,1.0,1.0
11121.0,1.0,1.0,4.0,1.0,1.0,1.0,1.0,1.0,1.0
11127.0,3.0,5.0,1.0,5.0,1.0,1.0,3.0,1.0,3.0
11133.0,1.0,1.0,3.0,5.0,1.0,1.0,1.0,1.0,1.0
11136.0,4.0,4.0,1.0,3.0,1.0,2.0,3.0,1.0,4.0
11139.0,3.0,3.0,3.0,4.0,1.0,1.0,1.0,1.0,2.0
11142.0,4.0,4.0,3.0,4.0,1.0,2.0,4.0,1.0,5.0
11156.0,5.0,4.0,2.0,3.0,1.0,2.0,4.0,1.0,5.0
11184.0,1.0,1.0,1.0,1.0,1.0,1.0,1.0,1.0,1.0
11185.0,5.0,5.0,1.0,4.0,1.0,3.0,4.0,1.0,5.0
11214.0,1.0,1.0,2.0,4.0,1.0,1.0,1.0,1.0,1.0
11224.0,5.0,4.0,1.0,3.0,1.0,1.0,2.0,1.0,5.0
11234.0,5.0,5.0,5.0,5.0,1.0,2.0,4.0,1.0,5.0
11236.0,5.0,4.0,1.0,3.0,4.0,1.0,4.0,1.0,5.0
11238.0,3.0,4.0,1.0,4.0,1.0,1.0,3.0,1.0,3.0
11251.0,1.0,1.0,1.0,5.0,1.0,1.0,1.0,1.0,4.0
11257.0,4.0,2.0,3.0,4.0,1.0,1.0,2.0,1.0,5.0
11258.0,1.0,1.0,3.0,4.0,1.0,3.0,1.0,1.0,2.0
11264.0,3.0,5.0,1.0,5.0,5.0,3.0,3.0,1.0,5.0
11274.0,5.0,3.0,1.0,5.0,1.0,1.0,1.0,1.0,5.0
11270.0,1.0,1.0,1.0,1.0,1.0,1.0,1.0,1.0,5.0
11272.0,4.0,4.0,3.0,4.0,1.0,1.0,1.0,2.0,5.0
11279.0,5.0,3.0,1.0,1.0,4.0,1.0,2.0,1.0,1.0
11285.0,3.0,1.0,1.0,5.0,1.0,1.0,1.0,1.0,2.0
11286.0,5.0,1.0,1.0,1.0,1.0,1.0,1.0,1.0,1.0
11290.0,1.0,1.0,2.0,5.0,1.0,3.0,1.0,2.0,1.0
11299.0,5.0,5.0,1.0,5.0,3.0,1.0,1.0,1.0,3.0
11309.0,2.0,1.0,3.0,3.0,4.0,4.0,5.0,2.0,1.0
11314.0,1.0,3.0,3.0,3.0,1.0,1.0,1.0,1.0,1.0
11317.0,1.0,1.0,1.0,4.0,5.0,4.0,1.0,1.0,4.0
11320.0,1.0,1.0,1.0,3.0,1.0,1.0,1.0,1.0,1.0
11333.0,5.0,5.0,1.0,1.0,1.0,1.0,5.0,1.0,5.0
11334.0,5.0,5.0,1.0,5.0,3.0,1.0,1.0,1.0,5.0
11345.0,3.0,3.0,3.0,3.0,1.0,1.0,3.0,1.0,2.0
11349.0,1.0,1.0,1.0,3.0,1.0,3.0,1.0,3.0,1.0
11352.0,2.0,3.0,3.0,4.0,1.0,5.0,2.0,2.0,4.0
11361.0,1.0,1.0,2.0,2.0,3.0,1.0,1.0,1.0,1.0
11384.0,3.0,4.0,1.0,5.0,1.0,3.0,2.0,1.0,5.0
11394.0,1.0,1.0,1.0,4.0,1.0,1.0,1.0,1.0,1.0
11395.0,1.0,1.0,1.0,4.0,1.0,1.0,1.0,1.0,5.0
11412.0,1.0,1.0,3.0,3.0,1.0,1.0,1.0,1.0,1.0
11434.0,2.0,2.0,4.0,4.0,1.0,3.0,1.0,4.0,1.0
11436.0,4.0,4.0,2.0,5.0,2.0,3.0,1.0,2.0,1.0
11459.0,4.0,5.0,2.0,5.0,1.0,1.0,5.0,1.0,1.0
11474.0,3.0,3.0,4.0,3.0,2.0,3.0,3.0,1.0,1.0
11479.0,1.0,1.0,1.0,5.0,1.0,1.0,1.0,1.0,1.0
11483.0,1.0,1.0,1.0,4.0,1.0,1.0,1.0,1.0,1.0
11491.0,1.0,1.0,1.0,5.0,1.0,1.0,1.0,1.0,1.0
11499.0,5.0,4.0,1.0,4.0,1.0,1.0,1.0,1.0,5.0
11512.0,1.0,2.0,3.0,4.0,1.0,1.0,1.0,1.0,1.0
11517.0,1.0,2.0,2.0,4.0,2.0,1.0,1.0,1.0,2.0
11521.0,5.0,5.0,4.0,4.0,3.0,3.0,5.0,3.0,5.0
11532.0,4.0,4.0,1.0,5.0,1.0,1.0,2.0,1.0,4.0
11533.0,5.0,5.0,3.0,5.0,3.0,1.0,5.0,2.0,3.0
11536.0,5.0,5.0,1.0,3.0,1.0,1.0,3.0,1.0,3.0
11539.0,4.0,4.0,3.0,4.0,1.0,1.0,4.0,1.0,5.0
11559.0,5.0,5.0,5.0,4.0,1.0,1.0,3.0,1.0,1.0
11560.0,5.0,4.0,1.0,5.0,4.0,3.0,3.0,4.0,5.0
11561.0,2.0,2.0,3.0,4.0,1.0,1.0,2.0,1.0,1.0
11571.0,1.0,4.0,3.0,3.0,1.0,1.0,4.0,1.0,3.0
11578.0,1.0,1.0,1.0,5.0,1.0,1.0,1.0,1.0,1.0
11590.0,3.0,2.0,3.0,3.0,2.0,3.0,3.0,2.0,3.0
11598.0,1.0,1.0,1.0,1.0,1.0,1.0,1.0,1.0,1.0
11611.0,1.0,1.0,1.0,2.0,1.0,1.0,1.0,1.0,1.0
11635.0,2.0,2.0,2.0,2.0,2.0,4.0,1.0,2.0,2.0
11649.0,4.0,5.0,3.0,5.0,5.0,3.0,3.0,2.0,5.0
11653.0,5.0,1.0,1.0,2.0,1.0,1.0,1.0,1.0,1.0
11654.0,1.0,1.0,4.0,4.0,1.0,1.0,1.0,1.0,2.0
11666.0,5.0,5.0,3.0,2.0,1.0,1.0,3.0,1.0,5.0
11675.0,1.0,1.0,1.0,5.0,1.0,1.0,1.0,1.0,1.0
11677.0,2.0,2.0,1.0,5.0,1.0,3.0,3.0,1.0,1.0
11691.0,4.0,4.0,4.0,5.0,1.0,1.0,3.0,1.0,2.0
11694.0,1.0,1.0,1.0,5.0,1.0,1.0,1.0,1.0,1.0
11702.0,1.0,1.0,1.0,1.0,5.0,1.0,1.0,1.0,1.0
11719.0,5.0,3.0,4.0,4.0,5.0,1.0,4.0,1.0,5.0
11720.0,2.0,3.0,3.0,5.0,2.0,2.0,3.0,2.0,1.0
11743.0,1.0,1.0,1.0,2.0,1.0,4.0,1.0,1.0,1.0
11747.0,2.0,3.0,3.0,4.0,3.0,2.0,2.0,1.0,2.0
11763.0,3.0,4.0,2.0,3.0,1.0,1.0,4.0,1.0,2.0
11764.0,3.0,3.0,2.0,3.0,1.0,1.0,3.0,1.0,1.0
11772.0,5.0,5.0,2.0,3.0,1.0,1.0,2.0,1.0,4.0
11780.0,4.0,3.0,4.0,5.0,1.0,4.0,2.0,2.0,4.0
11782.0,4.0,1.0,1.0,4.0,1.0,4.0,1.0,4.0,1.0
11783.0,3.0,3.0,2.0,3.0,2.0,5.0,3.0,1.0,3.0
11789.0,2.0,3.0,3.0,3.0,3.0,3.0,3.0,4.0,2.0
11791.0,4.0,4.0,1.0,1.0,1.0,1.0,3.0,1.0,5.0
11794.0,1.0,2.0,5.0,5.0,1.0,1.0,1.0,3.0,1.0
11798.0,1.0,1.0,1.0,5.0,1.0,1.0,1.0,1.0,1.0
11806.0,5.0,5.0,3.0,4.0,3.0,3.0,1.0,3.0,3.0
11814.0,2.0,2.0,1.0,5.0,1.0,1.0,1.0,1.0,1.0
11817.0,1.0,1.0,1.0,5.0,1.0,1.0,1.0,4.0,1.0
11829.0,4.0,3.0,2.0,3.0,2.0,3.0,1.0,2.0,5.0
11866.0,5.0,1.0,1.0,5.0,5.0,1.0,1.0,1.0,5.0
11869.0,3.0,2.0,2.0,4.0,1.0,1.0,1.0,1.0,5.0
11876.0,1.0,1.0,1.0,5.0,1.0,1.0,1.0,1.0,1.0
11889.0,4.0,3.0,1.0,3.0,1.0,5.0,2.0,1.0,5.0
11892.0,3.0,2.0,1.0,5.0,1.0,2.0,1.0,1.0,5.0
11898.0,4.0,3.0,3.0,4.0,3.0,3.0,3.0,3.0,3.0
11905.0,1.0,1.0,3.0,3.0,1.0,1.0,1.0,1.0,1.0
11906.0,1.0,1.0,3.0,5.0,5.0,4.0,1.0,1.0,1.0
11908.0,3.0,1.0,1.0,4.0,1.0,1.0,1.0,1.0,4.0
11918.0,2.0,1.0,1.0,5.0,1.0,1.0,1.0,1.0,1.0
11935.0,1.0,1.0,1.0,5.0,1.0,1.0,1.0,1.0,1.0
11937.0,1.0,1.0,1.0,1.0,1.0,1.0,1.0,1.0,1.0
11942.0,4.0,5.0,2.0,5.0,1.0,2.0,4.0,2.0,4.0
11943.0,5.0,5.0,1.0,3.0,1.0,3.0,4.0,1.0,2.0
11955.0,2.0,2.0,3.0,5.0,1.0,1.0,2.0,3.0,4.0
11957.0,1.0,1.0,4.0,5.0,2.0,2.0,1.0,2.0,1.0
11959.0,2.0,2.0,2.0,3.0,2.0,3.0,2.0,3.0,3.0
11969.0,5.0,2.0,1.0,3.0,1.0,1.0,1.0,1.0,5.0
11980.0,4.0,4.0,4.0,2.0,1.0,3.0,4.0,2.0,1.0
11981.0,4.0,4.0,2.0,3.0,2.0,4.0,3.0,2.0,5.0
11985.0,1.0,1.0,1.0,1.0,1.0,1.0,1.0,1.0,1.0
11991.0,1.0,1.0,3.0,5.0,1.0,1.0,1.0,1.0,5.0
12002.0,1.0,1.0,1.0,2.0,1.0,4.0,1.0,1.0,1.0
12004.0,1.0,1.0,1.0,3.0,1.0,3.0,1.0,3.0,1.0
12005.0,1.0,1.0,3.0,3.0,1.0,1.0,1.0,1.0,1.0
12027.0,5.0,3.0,1.0,4.0,4.0,1.0,1.0,4.0,4.0
12031.0,4.0,4.0,2.0,4.0,1.0,4.0,2.0,4.0,4.0
12032.0,1.0,1.0,1.0,4.0,1.0,1.0,1.0,1.0,1.0
12044.0,2.0,2.0,2.0,4.0,4.0,2.0,1.0,2.0,2.0
12048.0,1.0,1.0,1.0,1.0,1.0,3.0,1.0,1.0,1.0
12055.0,1.0,1.0,1.0,4.0,1.0,1.0,1.0,1.0,1.0
12063.0,3.0,2.0,3.0,4.0,2.0,2.0,2.0,2.0,2.0
12082.0,4.0,4.0,4.0,5.0,1.0,3.0,4.0,1.0,1.0
12083.0,1.0,1.0,1.0,4.0,3.0,1.0,1.0,1.0,1.0
12105.0,1.0,1.0,1.0,4.0,1.0,1.0,1.0,2.0,1.0
12124.0,2.0,1.0,4.0,2.0,1.0,5.0,1.0,2.0,1.0
12127.0,5.0,1.0,1.0,2.0,2.0,1.0,1.0,1.0,5.0
12137.0,5.0,4.0,2.0,4.0,1.0,1.0,2.0,1.0,4.0
12139.0,5.0,5.0,1.0,3.0,1.0,1.0,1.0,1.0,2.0
12140.0,3.0,3.0,3.0,3.0,3.0,3.0,3.0,3.0,3.0
12145.0,1.0,1.0,1.0,2.0,1.0,4.0,1.0,1.0,1.0
12149.0,5.0,5.0,1.0,2.0,2.0,4.0,3.0,5.0,3.0
12150.0,3.0,3.0,2.0,2.0,1.0,2.0,2.0,1.0,5.0
12153.0,3.0,2.0,1.0,4.0,1.0,1.0,1.0,1.0,3.0
12158.0,1.0,1.0,5.0,5.0,1.0,1.0,1.0,1.0,1.0
12174.0,4.0,3.0,2.0,5.0,1.0,2.0,2.0,1.0,4.0
12176.0,1.0,1.0,5.0,5.0,1.0,5.0,1.0,1.0,1.0
12180.0,2.0,4.0,3.0,5.0,2.0,3.0,3.0,3.0,2.0
12185.0,1.0,1.0,1.0,1.0,1.0,1.0,1.0,1.0,1.0
12190.0,4.0,5.0,4.0,5.0,4.0,4.0,4.0,4.0,4.0
12194.0,5.0,5.0,5.0,5.0,3.0,5.0,5.0,2.0,4.0
12197.0,2.0,2.0,2.0,3.0,2.0,3.0,2.0,2.0,3.0
12202.0,5.0,3.0,3.0,5.0,1.0,2.0,3.0,1.0,5.0
12239.0,4.0,3.0,1.0,4.0,1.0,1.0,1.0,1.0,4.0
12243.0,2.0,5.0,4.0,4.0,2.0,4.0,4.0,1.0,1.0
12258.0,1.0,1.0,2.0,4.0,1.0,1.0,1.0,1.0,1.0
12271.0,3.0,3.0,3.0,2.0,1.0,1.0,3.0,1.0,5.0
12272.0,1.0,1.0,1.0,5.0,1.0,3.0,1.0,1.0,1.0
12273.0,1.0,1.0,5.0,2.0,1.0,1.0,2.0,1.0,2.0
12274.0,3.0,3.0,1.0,5.0,1.0,1.0,2.0,1.0,5.0
12277.0,1.0,1.0,1.0,1.0,1.0,5.0,1.0,1.0,1.0
12278.0,5.0,5.0,2.0,4.0,1.0,2.0,4.0,1.0,5.0
12287.0,1.0,2.0,1.0,3.0,1.0,1.0,1.0,1.0,1.0
12288.0,5.0,5.0,5.0,5.0,5.0,5.0,5.0,5.0,5.0
12291.0,1.0,1.0,1.0,5.0,1.0,1.0,1.0,1.0,1.0
12294.0,1.0,2.0,3.0,3.0,1.0,3.0,1.0,1.0,1.0
12296.0,1.0,1.0,1.0,1.0,1.0,1.0,1.0,1.0,1.0
12307.0,5.0,5.0,2.0,5.0,4.0,1.0,1.0,1.0,5.0
12333.0,3.0,5.0,3.0,4.0,1.0,5.0,3.0,2.0,5.0
12334.0,4.0,3.0,2.0,4.0,2.0,4.0,3.0,1.0,1.0
12357.0,5.0,5.0,1.0,4.0,3.0,1.0,4.0,1.0,4.0
12378.0,1.0,1.0,2.0,3.0,1.0,1.0,1.0,1.0,1.0
12400.0,5.0,5.0,1.0,5.0,1.0,1.0,5.0,1.0,5.0
