id,complication_in_preparing,time_consuming,no_restuarants_for_grab_n_go,easy_access,have_to_prepare_both_vegatrain_and_non_vegetarian,hard_time_grocery_shopping,difficult_during_time_of_transition
507.0,5,5,5,3,1,5,3
499.0,1,1,3,1,1,1,1
494.0,1,1,3,5,1,1,3
62.0,1,3,3,3,1,1,3
64.0,1,1,5,1,1,1,5
72.0,1,1,1,1,1,1,1
77.0,5,5,5,3,1,1,5
83.0,1,1,5,3,1,1,1
92.0,1,1,5,1,1,1,1
94.0,1,1,1,1,1,1,1
97.0,1,1,1,5,1,1,3
98.0,1,1,1,5,1,1,1
102.0,3,3,3,1,3,1,5
114.0,5,5,5,5,5,1,1
122.0,3,3,5,1,1,1,1
148.0,3,3,5,1,1,1,1
150.0,1,1,1,5,1,1,1
159.0,5,5,3,1,3,1,1
166.0,3,1,1,3,1,1,1
183.0,1,1,1,3,1,1,1
185.0,1,5,1,1,5,1,1
200.0,3,3,3,3,3,3,3
235.0,1,1,3,1,1,1,1
236.0,3,3,3,3,3,3,3
254.0,5,5,3,3,1,1,1
265.0,1,1,5,5,5,1,3
284.0,1,1,5,5,1,1,1
285.0,5,1,1,1,1,1,1
294.0,5,5,5,1,5,5,5
311.0,1,5,3,3,1,1,5
317.0,3,3,3,3,3,3,3
354.0,1,1,1,1,5,1,3
359.0,1,1,1,1,1,1,1
366.0,1,5,1,1,1,3,5
371.0,5,5,5,5,3,1,5
376.0,1,1,1,3,5,1,1
433.0,3,5,5,3,1,1,5
435.0,1,1,1,1,5,1,1
445.0,3,1,5,1,5,1,5
447.0,5,1,5,1,5,1,5
456.0,1,1,1,1,5,1,1
461.0,1,1,1,1,5,1,5
471.0,3,3,3,5,1,5,1
474.0,1,5,5,1,1,1,1
479.0,5,5,3,1,3,3,3
538.0,1,1,1,1,1,1,1
564.0,3,5,5,5,1,1,5
568.0,1,1,1,1,1,1,1
577.0,1,3,5,3,5,1,1
580.0,1,1,1,1,1,1,1
597.0,1,1,1,1,1,1,1
601.0,3,1,1,3,1,5,1
603.0,1,1,1,1,5,1,1
604.0,5,5,5,1,5,1,3
611.0,1,1,1,1,1,1,1
614.0,1,1,1,1,1,1,1
616.0,5,5,5,1,5,1,5
622.0,1,3,5,1,1,1,3
626.0,3,3,5,1,5,3,3
630.0,5,1,5,1,5,5,5
632.0,1,1,1,1,1,1,1
641.0,3,3,1,1,1,1,1
643.0,1,1,1,1,1,1,1
645.0,1,1,1,3,1,1,1
647.0,1,1,1,1,1,1,1
651.0,5,5,5,1,1,5,5
652.0,1,3,5,1,5,1,3
661.0,3,3,3,3,3,3,3
672.0,1,1,1,1,5,1,1
675.0,1,3,5,1,1,1,5
682.0,3,3,5,1,3,1,3
700.0,1,5,5,3,1,1,3
709.0,3,3,3,3,3,3,3
711.0,3,3,3,3,1,1,3
712.0,3,3,3,3,3,3,3
718.0,1,3,1,1,3,1,3
725.0,1,1,1,1,1,1,1
744.0,1,1,3,1,5,1,3
768.0,1,3,1,1,1,1,5
779.0,1,1,5,1,1,1,3
788.0,5,5,5,5,3,1,5
789.0,3,3,1,3,3,1,1
796.0,1,5,5,1,1,1,1
797.0,5,3,5,1,3,1,5
800.0,3,5,5,5,1,1,5
809.0,5,1,1,1,1,5,5
819.0,3,3,3,3,3,3,3
822.0,5,5,5,1,5,5,5
839.0,1,3,3,1,5,1,1
842.0,5,5,5,5,5,5,3
847.0,1,1,1,1,1,1,1
848.0,1,1,3,1,1,1,5
854.0,3,3,3,3,3,3,3
882.0,3,1,3,3,3,1,5
886.0,1,1,1,1,1,1,1
894.0,1,1,1,1,1,1,1
900.0,5,5,5,1,5,5,5
901.0,3,5,3,3,3,3,3
907.0,5,3,5,1,5,1,5
927.0,3,1,3,3,1,3,3
930.0,5,5,5,5,5,1,1
962.0,5,5,5,1,5,1,5
966.0,1,1,5,1,1,1,5
975.0,1,1,1,1,5,1,1
996.0,1,1,3,3,1,1,1
1007.0,5,5,5,5,1,1,5
1018.0,3,3,3,3,3,3,3
1019.0,1,5,1,1,5,5,5
1021.0,3,3,1,1,1,1,1
1029.0,3,5,5,1,5,5,5
1031.0,1,1,1,1,1,1,1
1047.0,1,1,1,1,1,1,1
1066.0,5,5,5,3,1,1,5
1096.0,5,5,1,3,1,5,5
1098.0,3,3,3,3,3,3,3
1102.0,5,5,5,3,5,1,5
1106.0,1,5,5,5,1,1,1
1110.0,1,1,3,1,3,1,1
1113.0,5,5,5,5,5,1,3
1129.0,5,3,5,1,5,3,3
1143.0,3,3,3,3,3,3,3
1145.0,1,1,5,1,1,1,1
1149.0,1,1,3,1,1,1,1
1158.0,1,1,1,3,1,1,1
1161.0,1,1,1,1,1,1,1
1163.0,5,5,5,1,1,1,5
1181.0,1,3,5,5,1,3,1
1182.0,5,5,5,5,1,5,5
1190.0,5,5,1,1,1,1,5
1194.0,1,1,1,1,1,1,3
1212.0,1,1,1,1,1,1,1
1213.0,1,1,1,3,1,1,5
1221.0,1,1,5,1,5,1,5
1228.0,3,3,1,1,5,3,3
1238.0,5,1,5,1,1,1,5
1242.0,3,5,5,1,5,1,5
1250.0,5,5,1,1,1,1,5
1254.0,1,5,5,1,1,1,1
1259.0,3,5,1,3,1,1,1
1261.0,1,3,1,1,5,1,3
1262.0,5,3,3,1,1,3,1
1264.0,1,1,5,1,5,1,5
1267.0,1,1,1,1,1,1,1
1269.0,1,5,5,1,5,1,1
1273.0,3,3,3,5,5,1,1
1285.0,1,1,1,1,1,1,1
1286.0,1,1,5,1,1,1,1
1288.0,1,1,1,5,3,1,1
1298.0,1,3,1,5,1,1,1
1300.0,3,3,1,5,1,5,5
1305.0,1,3,1,1,3,1,1
1319.0,1,1,1,1,5,1,1
1324.0,1,3,5,1,5,1,5
1326.0,1,1,1,1,1,1,1
1328.0,1,1,1,1,5,1,1
1335.0,1,1,1,1,1,1,1
1346.0,5,5,5,1,5,1,5
1351.0,1,1,1,5,1,1,1
1352.0,1,5,5,5,1,1,5
1363.0,1,1,1,5,1,1,1
1389.0,1,1,5,1,1,1,5
1395.0,3,1,1,1,1,1,5
1403.0,1,1,5,5,1,1,3
1435.0,3,5,5,5,1,3,1
1451.0,1,1,5,1,1,1,1
1454.0,5,5,5,5,1,1,5
1456.0,1,1,1,1,5,1,1
1461.0,3,5,5,1,5,1,5
1462.0,1,1,1,5,5,1,1
1463.0,1,1,1,1,5,1,1
1466.0,1,5,5,1,1,1,3
1467.0,1,1,1,5,3,5,1
1478.0,1,3,1,1,5,1,5
1480.0,1,1,5,3,3,1,1
1482.0,3,5,5,1,5,1,3
1506.0,1,1,1,1,5,1,3
1511.0,1,1,1,1,5,1,5
1513.0,3,5,5,3,3,1,1
1524.0,5,5,5,5,1,1,1
1526.0,1,1,1,1,1,1,1
1528.0,1,1,3,1,1,1,1
1533.0,5,5,5,1,5,3,3
1535.0,1,3,3,1,1,1,5
1536.0,3,1,5,1,5,1,5
1546.0,5,5,5,5,1,3,5
1547.0,3,3,5,1,1,3,3
1549.0,1,1,1,1,5,1,1
1571.0,3,5,5,1,3,1,5
1573.0,3,5,5,5,5,1,5
1575.0,1,1,3,1,1,1,1
1583.0,1,1,1,1,1,1,5
1601.0,1,1,5,1,1,5,5
1620.0,1,5,1,1,1,1,1
1630.0,1,1,1,1,1,1,1
1661.0,1,1,1,1,5,1,1
1665.0,1,3,3,3,3,1,3
1668.0,1,1,3,1,1,1,5
1685.0,1,3,1,3,1,1,1
1688.0,1,1,1,1,3,1,3
1705.0,1,1,1,1,1,1,1
1708.0,1,1,1,1,5,1,1
1711.0,3,5,5,3,3,1,5
1722.0,1,3,5,1,3,1,1
1728.0,1,1,1,1,1,1,1
1743.0,1,1,5,1,5,1,1
1748.0,1,3,5,1,5,1,3
1749.0,1,1,1,5,1,1,1
1755.0,5,5,5,1,5,3,5
1761.0,5,5,5,1,1,1,5
1768.0,1,5,5,5,1,1,1
1770.0,3,5,5,1,1,1,3
1775.0,1,1,1,1,1,1,1
1801.0,1,5,3,1,1,1,3
1808.0,1,5,5,5,1,3,1
1817.0,1,5,5,1,1,1,5
1823.0,1,3,5,1,1,1,1
1831.0,1,1,1,1,1,1,1
1855.0,3,3,3,1,1,1,1
1857.0,5,5,5,5,1,1,1
1879.0,1,1,1,3,5,3,1
1888.0,1,1,1,1,5,1,1
1890.0,1,5,1,1,5,1,3
1894.0,1,1,5,1,5,5,1
1914.0,3,1,5,1,1,1,3
1915.0,5,5,1,5,1,1,1
1926.0,5,5,5,5,3,3,5
1927.0,3,5,5,1,1,1,3
1929.0,5,5,3,1,1,1,3
1941.0,5,5,5,5,1,3,3
1959.0,3,3,3,3,3,3,3
1968.0,1,5,5,5,1,1,1
1971.0,3,3,3,3,3,3,3
1992.0,1,1,5,3,1,1,1
2024.0,1,1,1,1,5,1,1
2027.0,1,1,1,1,1,1,1
2063.0,3,3,5,3,1,5,3
2064.0,5,5,3,3,1,3,3
2066.0,5,5,5,1,5,5,5
2072.0,1,1,5,1,1,1,1
2079.0,1,1,1,5,1,3,1
2086.0,1,1,1,3,1,1,1
2091.0,3,3,5,5,5,1,1
2100.0,5,3,3,5,1,3,1
2105.0,3,3,1,1,1,1,3
2106.0,1,1,3,3,1,1,1
2108.0,1,1,1,5,1,1,1
2121.0,1,1,5,1,1,1,1
2130.0,3,1,1,1,1,1,3
2168.0,5,5,5,1,1,1,5
2177.0,1,1,1,3,1,1,1
2183.0,3,3,5,3,5,5,5
2189.0,1,1,1,1,5,1,1
2198.0,1,1,3,1,1,1,1
2222.0,1,3,5,1,1,1,3
2223.0,5,5,5,1,5,1,5
2224.0,3,3,5,1,1,1,5
2229.0,3,3,5,1,1,1,1
2246.0,1,1,1,5,1,1,1
2256.0,5,5,5,1,1,1,5
2260.0,1,1,1,1,1,1,5
2265.0,1,1,1,1,1,1,1
2266.0,1,1,5,1,5,1,1
2281.0,1,1,1,1,1,1,1
2289.0,3,5,5,1,5,1,1
2302.0,3,3,3,1,5,3,3
2314.0,1,1,1,5,1,1,1
2332.0,1,5,3,1,5,1,3
2344.0,1,1,1,5,1,1,1
2347.0,1,1,3,5,1,1,3
2349.0,3,1,1,5,5,1,1
2360.0,1,1,5,1,1,1,1
2392.0,1,3,3,1,5,1,1
2397.0,3,3,5,3,5,3,3
2403.0,1,1,5,1,1,1,1
2406.0,1,1,3,3,1,1,1
2410.0,1,1,1,5,1,1,1
2418.0,5,1,1,5,1,1,5
2419.0,5,5,5,5,1,1,3
2421.0,3,5,5,1,5,1,5
2444.0,1,1,3,1,1,1,1
2466.0,5,3,5,1,5,1,5
2475.0,5,5,5,1,5,1,5
2476.0,1,1,1,1,1,1,1
2481.0,5,5,5,5,3,3,5
2485.0,1,1,1,3,1,1,1
2496.0,1,1,1,1,1,1,3
2497.0,5,5,3,1,5,1,1
2502.0,5,1,1,1,1,1,1
2505.0,1,3,3,1,1,1,1
2507.0,1,1,1,3,5,1,3
2513.0,1,1,3,1,1,1,3
2518.0,5,5,3,1,5,1,5
2531.0,1,1,1,1,1,1,1
2540.0,1,1,3,1,1,1,1
2546.0,1,1,1,5,1,1,1
2554.0,1,1,5,1,1,1,1
2556.0,3,3,5,5,3,1,3
2558.0,1,1,1,1,5,1,3
2565.0,1,1,3,1,1,1,5
2589.0,3,5,5,5,3,5,3
2607.0,1,5,5,1,1,1,3
2627.0,1,1,1,1,1,1,1
2629.0,1,3,3,1,1,1,1
2636.0,1,5,5,1,1,1,1
2660.0,3,5,1,1,1,1,5
2666.0,5,1,5,1,1,1,5
2685.0,1,1,3,1,1,1,1
2686.0,3,5,5,1,1,1,5
2707.0,1,1,5,1,1,1,1
2712.0,1,1,1,1,1,1,1
2727.0,5,5,1,1,5,3,5
2762.0,5,5,5,1,5,5,5
2764.0,1,1,1,1,5,1,1
2770.0,1,5,5,1,1,1,3
2780.0,1,1,1,1,5,1,1
2791.0,1,1,5,1,5,1,5
2793.0,1,1,5,3,3,1,3
2803.0,1,5,5,1,1,1,5
2806.0,3,3,1,3,1,1,1
2817.0,5,5,1,1,5,1,3
2819.0,5,1,3,1,1,1,5
2823.0,1,5,5,3,1,1,5
2829.0,1,3,1,3,3,1,1
2849.0,5,5,5,1,5,1,5
2850.0,1,1,1,1,1,1,3
2862.0,1,5,1,1,1,1,3
2885.0,1,1,1,5,1,1,1
2898.0,5,3,3,5,3,1,5
2914.0,1,1,1,1,1,1,1
2916.0,1,1,5,1,5,1,3
2928.0,1,1,1,1,1,1,1
2935.0,5,3,5,3,1,1,1
2949.0,5,5,5,1,1,1,5
2961.0,3,3,3,1,1,3,1
2966.0,1,1,1,1,1,1,1
2971.0,1,1,3,5,3,1,3
2977.0,1,5,1,1,1,1,1
2980.0,1,1,1,1,5,1,5
3000.0,1,1,5,1,3,3,1
3001.0,1,1,3,5,1,1,1
3006.0,3,1,1,3,1,3,1
3013.0,1,5,5,1,5,1,1
3014.0,1,1,1,1,5,1,1
3035.0,1,1,5,1,5,1,1
3042.0,5,5,1,1,1,1,1
3051.0,1,1,3,5,1,1,1
3065.0,1,3,1,1,1,1,1
3114.0,1,3,1,1,1,1,1
3142.0,1,3,5,1,1,1,1
3143.0,1,1,1,1,1,1,1
3166.0,1,1,1,1,1,1,3
3175.0,1,1,1,1,1,1,1
3178.0,5,5,5,5,1,1,1
3183.0,1,1,5,1,5,1,1
3214.0,5,5,5,1,5,5,5
3222.0,1,1,1,5,1,5,3
3226.0,1,1,1,1,1,1,1
3238.0,5,3,5,5,5,1,5
3247.0,3,3,1,3,5,1,3
3249.0,1,1,5,1,1,1,1
3278.0,3,5,1,1,1,1,1
3291.0,1,1,1,1,5,5,1
3293.0,5,3,3,3,1,3,5
3307.0,3,3,1,3,1,1,3
3309.0,3,5,3,3,3,3,3
3323.0,1,1,1,5,1,1,1
3326.0,1,1,5,1,5,1,3
3367.0,5,5,5,1,1,1,3
3370.0,1,1,1,5,1,1,1
3416.0,5,5,3,3,5,1,5
3443.0,5,3,5,1,5,3,5
3449.0,1,1,3,1,1,1,1
3459.0,3,3,5,3,3,1,3
3462.0,3,5,3,1,3,1,1
3463.0,1,1,3,3,1,1,1
3465.0,1,1,3,1,5,5,3
3471.0,3,3,3,3,3,3,3
3483.0,1,3,5,1,5,1,3
3499.0,1,1,1,3,1,1,1
3504.0,1,1,1,1,1,1,1
3524.0,1,1,1,1,1,1,1
3535.0,1,1,5,5,1,1,1
3537.0,5,5,5,5,1,1,5
3539.0,1,5,5,1,1,1,5
3562.0,5,5,1,1,1,1,5
3563.0,1,1,3,3,1,1,1
3596.0,1,1,1,1,1,1,1
3603.0,3,3,3,3,3,3,3
3623.0,3,5,5,3,1,5,5
3630.0,1,1,1,3,5,5,1
3650.0,5,1,3,3,1,1,3
3659.0,1,5,5,1,1,1,5
3660.0,1,1,3,1,1,1,1
3688.0,5,5,5,3,1,3,5
3693.0,3,5,1,5,1,1,3
3710.0,3,3,3,1,1,1,1
3733.0,5,5,3,1,3,1,3
3737.0,1,1,1,5,1,1,5
3763.0,5,5,5,5,5,1,3
3778.0,3,5,3,1,1,1,3
3810.0,1,1,5,1,1,1,1
3812.0,1,1,1,1,1,1,1
3826.0,1,1,3,1,1,1,1
3827.0,1,1,5,1,1,1,5
3846.0,1,1,1,1,5,1,3
3850.0,5,5,5,5,3,1,3
3851.0,1,3,3,1,3,1,1
3852.0,1,3,5,3,3,1,1
3855.0,3,5,3,3,5,5,3
3868.0,1,1,1,1,1,1,5
3869.0,5,5,5,3,5,1,3
3884.0,1,1,1,1,1,1,1
3893.0,1,1,5,1,1,1,5
3897.0,1,1,1,5,1,1,1
3898.0,1,3,1,1,1,1,1
3909.0,1,1,3,1,1,1,3
3915.0,5,3,5,3,3,3,3
3918.0,5,5,5,5,1,1,1
3925.0,1,1,3,5,5,3,1
3935.0,1,3,1,1,3,1,3
3942.0,1,1,1,1,1,1,1
3954.0,3,1,1,1,1,1,1
3960.0,1,1,1,1,3,1,1
3964.0,1,5,1,1,5,1,1
3984.0,1,1,1,1,5,1,5
3978.0,1,5,5,1,5,3,5
3981.0,3,3,5,1,1,1,1
3995.0,1,1,5,5,1,3,1
3999.0,5,5,5,3,5,1,1
4004.0,1,1,5,1,5,1,1
4014.0,3,3,3,3,3,3,3
4018.0,1,3,1,1,1,1,1
4026.0,5,5,5,3,5,1,5
4066.0,1,1,1,5,1,1,1
4070.0,3,1,3,3,3,3,3
4073.0,1,5,5,1,1,1,5
4074.0,1,1,5,1,1,1,1
4078.0,5,5,5,5,1,5,5
4086.0,1,1,3,1,5,1,1
4088.0,1,1,3,3,1,1,1
4090.0,1,5,5,1,5,3,5
4093.0,1,1,1,1,1,1,1
4096.0,3,3,3,3,3,3,3
4107.0,5,5,5,5,5,5,5
4113.0,1,1,5,1,1,1,1
4117.0,5,5,1,1,1,1,5
4130.0,5,5,1,1,1,1,5
4133.0,1,1,1,1,1,1,1
4140.0,1,1,1,1,1,1,1
4141.0,3,1,1,1,5,1,1
4160.0,3,5,3,3,5,3,3
4164.0,1,1,5,5,1,1,5
4191.0,1,1,3,1,1,1,1
4192.0,1,1,1,1,1,1,1
4209.0,5,5,3,3,1,5,3
4210.0,1,1,3,1,1,1,1
4214.0,5,5,5,3,1,1,1
4247.0,1,1,3,1,1,1,1
4257.0,1,1,3,1,1,1,1
4269.0,1,3,5,1,1,1,1
4276.0,3,5,5,1,5,3,3
4282.0,1,1,1,1,1,1,1
4292.0,3,3,5,1,1,1,3
4301.0,1,3,1,1,1,1,3
4306.0,5,5,5,5,1,3,3
4308.0,1,1,5,1,5,1,5
4319.0,5,5,5,1,1,1,1
4321.0,5,5,5,3,5,1,1
4322.0,1,5,1,5,5,1,3
4341.0,3,5,3,1,5,1,1
4348.0,1,1,5,1,1,1,1
4355.0,3,5,1,5,1,1,3
4357.0,5,5,1,3,1,1,1
4371.0,3,3,5,3,5,5,3
4379.0,3,1,1,1,1,1,1
4387.0,1,5,3,1,1,1,3
4389.0,1,1,3,3,1,1,1
4402.0,3,3,3,3,3,3,3
4409.0,1,1,1,1,1,1,1
4416.0,1,1,5,1,1,1,5
4425.0,1,1,1,1,3,1,1
4435.0,3,3,3,5,3,5,3
4450.0,5,5,1,1,5,1,1
4454.0,3,3,3,3,3,3,3
4457.0,1,1,1,5,1,1,5
4467.0,3,5,5,1,1,1,5
4472.0,1,1,1,1,1,5,1
4484.0,1,5,3,1,1,1,5
4494.0,1,3,1,1,1,5,1
4512.0,1,3,1,1,1,1,3
4520.0,1,1,1,1,1,1,1
4524.0,1,1,1,1,1,1,1
4552.0,1,3,5,1,1,1,3
4565.0,1,1,5,1,1,1,3
4569.0,3,3,3,1,1,1,3
4574.0,1,1,3,1,1,1,1
4575.0,1,1,1,1,1,1,1
4576.0,1,1,1,1,1,1,1
4582.0,3,5,5,5,1,1,1
4584.0,1,5,5,1,5,1,3
4599.0,3,3,3,5,1,5,3
4613.0,1,1,5,1,1,1,1
4615.0,1,3,3,3,1,1,1
4626.0,5,5,5,3,3,1,5
4630.0,1,1,5,1,1,5,3
4637.0,3,1,5,1,5,1,5
4638.0,5,3,5,1,1,1,1
4642.0,5,5,5,1,3,1,5
4652.0,5,5,3,1,5,1,1
4663.0,1,1,1,1,5,1,1
4676.0,1,1,1,5,1,3,1
4683.0,3,3,5,5,3,3,3
4692.0,1,1,5,1,5,5,5
4705.0,1,1,1,5,1,1,1
4707.0,1,3,5,3,1,1,5
4731.0,1,3,1,1,5,1,1
4734.0,5,5,5,1,5,5,5
4737.0,1,1,5,5,5,3,1
4738.0,5,5,5,1,1,1,1
4763.0,1,3,5,1,1,1,1
4765.0,1,1,5,1,1,1,1
4777.0,1,1,1,1,1,1,1
4787.0,5,1,5,5,1,1,5
4793.0,1,1,5,5,5,1,5
4797.0,1,1,5,5,1,1,5
4801.0,1,1,5,1,1,1,3
4804.0,5,5,5,3,1,3,5
4806.0,1,1,1,5,1,1,1
4812.0,1,1,1,1,5,1,1
4822.0,1,1,5,1,1,1,3
4841.0,3,3,3,3,3,1,5
4849.0,1,3,3,1,1,5,1
4852.0,1,5,1,1,1,5,1
4856.0,1,1,5,1,1,1,1
4864.0,1,1,1,1,1,1,1
4865.0,3,3,5,1,5,1,3
4881.0,1,3,5,3,5,1,1
4883.0,1,1,3,1,1,1,3
4904.0,3,5,5,3,3,3,5
4913.0,5,5,5,5,5,5,5
4939.0,1,5,5,1,1,1,1
4941.0,1,1,5,1,5,1,1
4964.0,1,3,5,1,1,1,1
4979.0,1,1,5,1,1,1,3
4991.0,5,5,3,1,1,1,3
4992.0,1,1,1,1,1,1,1
5002.0,1,1,5,3,1,1,1
5006.0,1,1,5,5,5,1,5
5010.0,1,1,5,5,1,1,5
5017.0,1,1,5,5,1,1,1
5025.0,1,3,1,1,1,1,1
5035.0,1,1,3,1,5,1,3
5037.0,5,5,5,5,5,5,3
5061.0,1,1,5,1,5,1,1
5066.0,5,1,1,3,5,1,1
5067.0,1,3,1,5,5,5,5
5070.0,1,1,5,1,1,5,1
5075.0,1,1,3,3,1,1,3
5084.0,5,5,5,5,1,1,5
5099.0,1,1,1,5,1,1,1
5101.0,1,1,5,5,1,1,1
5115.0,1,1,5,1,1,5,5
5123.0,1,1,1,1,1,1,1
5134.0,1,1,3,1,1,1,1
5136.0,1,3,5,1,1,1,5
5138.0,3,3,3,3,3,3,3
5140.0,3,3,3,3,3,3,3
5166.0,3,5,3,3,3,3,3
5167.0,1,1,1,1,1,1,1
5168.0,1,1,1,1,1,1,1
5182.0,1,5,3,3,5,1,3
5191.0,1,1,3,1,5,1,5
5193.0,1,1,1,5,1,1,1
5198.0,5,5,5,5,1,3,5
5204.0,1,1,5,1,1,1,1
5209.0,1,1,3,1,5,1,1
5211.0,1,1,1,5,5,5,5
5238.0,3,3,3,1,5,3,3
5240.0,1,1,3,1,5,1,1
5250.0,1,1,5,1,1,1,1
5258.0,3,1,3,1,1,3,5
5260.0,1,1,1,5,5,5,1
5272.0,5,5,5,1,1,1,5
5273.0,1,1,5,1,1,5,3
5281.0,3,3,1,5,1,5,3
5291.0,1,1,5,5,1,3,5
5297.0,3,5,1,1,5,1,3
5311.0,3,1,5,5,1,1,5
5312.0,1,1,5,1,5,1,5
5321.0,3,3,5,1,1,1,1
5324.0,5,5,1,1,1,1,5
5335.0,3,3,5,3,1,1,3
5352.0,3,3,3,1,3,3,3
5369.0,5,3,5,1,5,1,5
5392.0,1,1,1,1,5,1,1
5395.0,5,5,5,5,1,1,5
5400.0,1,1,1,1,1,1,1
5402.0,1,1,1,1,5,1,1
5404.0,3,3,5,5,5,1,5
5420.0,1,3,3,1,1,3,1
5422.0,1,1,1,5,1,1,1
5428.0,3,5,5,1,1,1,1
5437.0,1,1,1,1,1,1,1
5449.0,5,5,5,5,5,5,5
5453.0,1,1,1,5,1,1,1
5480.0,1,1,3,3,1,1,3
5483.0,3,5,1,1,1,5,3
5503.0,5,5,1,1,5,1,1
5506.0,5,5,1,5,5,1,3
5514.0,1,1,1,5,1,1,1
5516.0,3,1,3,1,1,1,5
5522.0,5,5,5,3,3,1,5
5523.0,3,1,1,1,5,1,1
5541.0,5,5,5,1,5,1,5
5556.0,1,1,3,3,1,1,3
5564.0,1,1,5,1,5,1,1
5565.0,5,5,5,5,1,1,5
5582.0,1,1,5,1,5,1,5
5598.0,5,3,5,5,5,1,3
5607.0,1,1,5,1,1,1,1
5611.0,5,5,5,5,5,1,5
5613.0,1,1,5,3,1,1,1
5620.0,1,3,3,1,3,1,3
5639.0,3,3,3,3,1,5,1
5643.0,1,3,3,5,3,1,5
5646.0,1,1,1,1,1,1,1
5648.0,1,1,5,1,1,5,3
5649.0,1,1,5,1,1,1,3
5650.0,5,5,5,1,5,1,5
5663.0,5,3,5,5,1,5,3
5674.0,3,3,3,3,3,3,3
5677.0,1,1,1,1,1,1,1
5690.0,1,1,1,5,1,1,1
5691.0,1,1,1,1,1,1,1
5693.0,5,5,5,1,5,5,5
5694.0,1,1,1,1,1,1,1
5708.0,5,5,5,3,1,1,1
5711.0,3,1,3,1,3,5,3
5722.0,5,5,5,1,3,1,5
5729.0,3,3,3,3,3,3,3
5731.0,1,1,3,1,1,5,5
5737.0,1,1,1,1,5,1,1
5741.0,1,3,5,1,1,1,5
5763.0,1,5,5,5,5,1,5
5779.0,3,3,5,5,1,5,5
5795.0,1,1,5,1,1,1,5
5805.0,3,5,5,3,5,1,3
5830.0,3,5,5,1,3,1,5
5848.0,5,5,1,5,5,1,5
5849.0,5,5,5,1,5,3,3
5850.0,1,1,5,1,1,1,1
5852.0,1,1,1,5,1,1,1
5856.0,1,1,3,3,1,1,1
5862.0,1,1,1,3,1,1,1
5865.0,1,1,5,5,5,1,1
5879.0,1,1,1,1,5,1,1
5883.0,1,1,3,3,3,1,1
5884.0,1,1,1,5,1,1,1
5885.0,1,1,1,1,1,1,1
5888.0,5,5,5,1,5,5,5
5895.0,1,1,5,1,1,1,5
5908.0,1,1,1,1,1,1,1
5927.0,3,3,3,3,1,1,3
5937.0,1,1,3,1,1,1,1
5942.0,5,5,5,1,5,5,5
5970.0,3,3,3,3,3,3,3
5971.0,1,1,3,1,5,1,5
5979.0,5,1,5,5,5,1,1
5988.0,3,3,3,3,3,3,3
5989.0,3,3,5,3,5,1,5
5998.0,1,1,1,1,1,1,1
6007.0,1,1,1,1,1,1,1
6020.0,1,1,1,1,1,1,1
6024.0,5,3,5,1,5,1,5
6039.0,3,1,5,5,1,1,5
6048.0,1,3,3,5,1,1,3
6056.0,1,1,5,1,3,3,5
6063.0,1,1,1,1,5,1,1
6065.0,1,1,1,1,1,1,1
6086.0,3,3,3,1,3,3,3
6089.0,1,3,5,1,5,1,5
6091.0,1,1,1,3,3,1,1
6108.0,1,1,5,1,1,1,1
6127.0,1,1,5,1,1,1,5
6130.0,1,1,5,3,3,5,3
6136.0,5,3,5,1,5,5,5
6150.0,5,5,5,5,1,1,1
6151.0,1,1,1,5,1,1,1
6175.0,3,5,5,3,5,3,3
6176.0,1,3,1,3,1,1,1
6177.0,1,1,1,1,1,1,1
6188.0,3,3,5,3,3,3,3
6198.0,1,1,5,1,1,1,1
6211.0,3,3,3,3,3,1,3
6213.0,1,1,1,5,1,1,1
6220.0,3,5,1,3,1,1,3
6236.0,5,1,5,1,1,1,1
6240.0,3,3,5,3,3,3,1
6252.0,1,1,5,1,1,1,1
6253.0,1,1,1,3,1,1,1
6254.0,1,1,1,1,1,1,1
6259.0,5,5,3,1,1,1,1
6261.0,3,5,3,1,1,1,1
6263.0,5,5,3,5,1,1,3
6266.0,1,1,1,1,1,1,1
6269.0,1,1,5,1,1,1,5
6284.0,1,1,5,1,1,3,1
6286.0,1,3,3,5,5,1,1
6299.0,3,5,1,1,5,1,1
6300.0,3,5,1,5,5,1,1
6301.0,5,5,5,5,5,1,5
6304.0,1,1,1,1,1,1,1
6308.0,5,5,5,5,1,1,5
6318.0,5,3,3,1,3,5,5
6327.0,3,3,3,3,3,3,3
6328.0,1,1,5,1,5,1,1
6330.0,3,5,1,5,3,1,1
6331.0,1,1,1,1,1,1,1
6343.0,3,3,3,1,1,1,5
6347.0,1,5,5,1,5,1,1
6354.0,3,3,5,5,1,3,5
6355.0,1,3,1,1,1,1,1
6356.0,1,1,1,1,1,1,5
6359.0,1,3,1,3,1,1,1
6380.0,3,5,1,1,1,1,1
6402.0,1,1,5,5,5,1,5
6413.0,1,1,3,1,1,1,1
6417.0,1,1,1,1,1,1,1
6419.0,3,3,3,1,5,1,3
6443.0,1,1,1,5,1,1,1
6444.0,3,1,1,1,1,1,3
6472.0,3,5,3,5,1,1,3
6481.0,1,1,5,1,5,1,3
6493.0,1,5,1,3,5,3,1
6496.0,1,5,1,1,5,1,1
6510.0,1,3,5,5,5,5,5
6515.0,1,1,5,1,1,1,5
6527.0,1,1,1,1,3,1,1
6533.0,5,3,5,1,1,1,5
6535.0,5,5,3,1,5,1,3
6565.0,3,3,3,3,3,3,3
6570.0,3,3,3,1,1,1,1
6578.0,3,3,1,1,3,3,3
6579.0,1,1,5,1,5,1,1
6593.0,3,3,1,1,5,1,1
6603.0,1,5,3,1,5,1,3
6606.0,5,1,5,1,1,5,5
6619.0,1,1,5,1,5,1,1
6629.0,1,1,1,1,5,1,1
6657.0,5,3,3,5,1,5,5
6697.0,1,1,5,1,3,1,1
6710.0,1,5,1,1,1,1,1
6737.0,1,1,1,1,1,1,1
6739.0,5,5,1,1,3,1,1
6750.0,3,1,3,3,3,3,3
6754.0,1,1,5,3,1,1,1
6760.0,1,1,5,1,1,1,1
6765.0,3,3,5,1,5,1,3
6771.0,1,1,3,1,1,1,3
6796.0,5,5,5,1,5,5,5
6799.0,1,1,1,1,1,1,1
6814.0,5,5,5,5,1,1,5
6824.0,5,5,5,1,5,5,5
6830.0,1,1,1,1,5,1,1
6831.0,1,1,1,1,1,1,1
6833.0,3,1,5,5,5,1,5
6835.0,1,1,3,3,1,1,3
6843.0,3,3,5,5,1,1,1
6849.0,1,3,1,1,5,1,1
6852.0,1,1,1,1,1,1,1
6857.0,1,1,5,1,1,1,1
6864.0,1,1,1,1,1,1,1
6867.0,1,1,1,3,1,1,1
6869.0,3,3,5,1,5,1,1
6882.0,1,1,1,1,1,1,1
6883.0,1,5,5,3,1,1,5
6907.0,3,3,1,1,1,1,1
6920.0,1,1,1,1,1,1,1
6924.0,5,5,5,1,5,5,5
6956.0,1,5,5,1,5,1,5
6959.0,1,1,5,1,5,1,5
6967.0,5,5,5,1,5,1,3
6971.0,1,1,5,5,1,1,1
6976.0,5,5,3,5,1,1,5
6977.0,5,1,1,3,1,1,1
6980.0,3,3,5,1,5,1,5
6994.0,1,1,5,1,5,1,1
7002.0,5,5,5,1,1,1,3
7004.0,5,5,5,1,5,1,3
7022.0,1,1,1,1,1,1,1
7025.0,1,1,1,1,1,1,1
7033.0,5,5,5,5,1,1,1
7043.0,3,3,3,3,1,3,3
7070.0,1,1,3,1,5,1,3
7078.0,5,5,5,3,5,1,3
7088.0,1,1,5,1,5,1,1
7100.0,5,5,5,3,1,1,1
7101.0,1,3,5,5,1,5,5
7103.0,1,3,5,1,1,1,1
7124.0,1,1,5,1,1,1,1
7129.0,1,1,1,3,1,1,3
7145.0,1,1,5,5,1,1,1
7146.0,1,1,5,1,1,1,5
7149.0,3,3,3,3,3,3,3
7154.0,1,1,5,1,3,1,5
7167.0,1,1,1,1,1,1,1
7169.0,3,3,5,1,1,1,3
7188.0,5,5,5,1,5,5,5
7198.0,3,3,5,1,5,1,3
7204.0,1,1,1,1,1,1,1
7205.0,3,3,5,1,3,1,3
7211.0,3,5,5,3,5,3,5
7218.0,3,3,3,3,3,3,3
7224.0,1,1,5,5,1,5,1
7255.0,1,1,1,5,3,1,1
7256.0,3,5,5,1,1,1,1
7261.0,1,5,1,1,5,1,1
7267.0,1,3,1,1,1,1,1
7277.0,3,3,5,1,3,1,3
7283.0,5,5,1,3,1,1,5
7285.0,5,1,5,1,1,1,5
7286.0,3,3,5,3,5,1,3
7308.0,1,1,1,1,5,1,1
7321.0,1,1,1,1,5,1,1
7336.0,5,3,5,5,1,3,5
7348.0,3,3,3,1,1,1,1
7352.0,5,5,5,5,5,5,5
7353.0,5,3,5,1,3,3,5
7366.0,1,1,1,1,5,1,1
7379.0,1,1,1,1,5,1,1
7402.0,1,3,3,1,5,1,3
7408.0,5,5,1,3,1,1,5
7429.0,1,1,3,5,3,3,3
7445.0,3,3,5,3,1,1,5
7450.0,1,1,1,1,1,1,3
7455.0,3,1,1,1,1,1,1
7457.0,1,1,1,5,1,3,5
7465.0,5,5,1,5,1,1,1
7475.0,1,1,5,1,1,1,1
7478.0,3,3,3,5,1,1,1
7482.0,5,5,5,1,5,1,5
7490.0,1,1,3,1,1,1,1
7492.0,5,5,1,1,5,1,5
7520.0,1,1,1,3,5,1,3
7524.0,1,1,5,1,1,1,1
7591.0,5,5,5,3,1,1,5
7610.0,3,5,1,5,1,1,1
7616.0,1,1,5,3,1,1,1
7618.0,1,1,1,1,1,1,1
7620.0,5,1,1,5,1,1,5
7625.0,1,1,3,5,5,1,3
7632.0,1,1,3,1,3,1,1
7641.0,3,1,3,1,1,1,1
7655.0,1,5,5,3,3,1,5
7661.0,1,1,1,1,5,1,1
7662.0,3,1,1,1,1,1,1
7671.0,1,1,1,1,5,1,1
7672.0,1,1,1,3,1,1,1
7680.0,5,5,5,1,5,1,3
7682.0,1,3,1,1,3,1,1
7685.0,5,1,5,5,3,5,3
7689.0,1,5,1,1,5,1,1
7698.0,1,5,3,1,1,1,5
7701.0,3,3,5,5,5,5,3
7716.0,1,3,3,1,5,1,3
7724.0,5,5,5,1,5,5,5
7736.0,1,3,1,1,1,1,1
7741.0,1,1,1,1,1,1,1
7745.0,1,3,1,1,1,1,1
7755.0,1,1,1,1,1,1,1
7767.0,1,1,3,5,1,1,5
7790.0,5,5,3,1,5,1,1
7792.0,1,5,1,5,1,1,1
7799.0,1,3,3,1,1,1,1
7804.0,3,3,3,3,3,3,3
7819.0,1,3,3,5,5,1,3
7831.0,5,5,5,1,1,1,1
7852.0,1,1,3,3,1,1,1
7884.0,5,5,5,5,5,1,5
7886.0,1,5,5,5,1,1,5
7909.0,5,5,1,1,5,1,3
7920.0,3,3,3,1,1,1,1
7922.0,1,5,3,1,1,1,1
7939.0,1,3,1,3,1,1,1
7951.0,5,3,1,1,1,1,1
7956.0,3,3,3,1,3,1,5
7980.0,3,5,3,1,3,3,3
7982.0,3,5,1,5,5,1,1
8001.0,5,5,5,5,1,5,5
8012.0,1,1,1,1,1,1,1
8029.0,1,1,1,1,3,1,3
8050.0,5,5,5,1,5,1,1
8061.0,1,1,3,3,1,1,1
8064.0,1,1,5,1,1,1,5
8080.0,3,3,3,5,1,5,3
8083.0,1,3,1,1,3,1,3
8088.0,3,3,5,5,5,1,5
8103.0,3,3,3,3,3,3,3
8171.0,1,1,1,1,3,1,1
8210.0,1,1,1,3,1,1,1
8211.0,1,1,1,1,1,1,1
8213.0,1,1,3,5,1,1,1
8246.0,1,1,1,5,5,1,1
8264.0,1,1,3,1,1,1,3
8274.0,1,1,1,5,1,1,1
8288.0,1,3,5,1,1,1,1
8296.0,3,3,3,5,1,5,3
8298.0,3,5,5,1,5,3,1
8303.0,1,1,1,3,1,1,1
8310.0,1,5,5,1,1,1,5
8334.0,1,1,3,1,1,3,1
8360.0,1,3,1,3,3,1,3
8377.0,3,3,3,5,1,5,3
8405.0,1,1,5,1,1,1,1
8411.0,1,3,5,1,5,1,1
8414.0,1,1,1,1,5,1,5
8420.0,3,3,3,3,3,3,3
8422.0,1,1,3,5,5,1,3
8434.0,1,1,5,1,5,1,1
8440.0,1,1,1,1,3,3,1
8447.0,1,1,1,1,1,1,1
8450.0,5,1,1,1,1,1,1
8481.0,3,3,3,3,3,3,3
8486.0,3,3,1,3,1,3,1
8490.0,1,1,1,5,1,1,1
8491.0,1,5,1,1,5,1,1
8520.0,5,5,1,5,1,1,1
8523.0,3,5,5,1,5,1,5
8535.0,1,1,5,3,1,1,1
8545.0,1,3,5,1,1,1,5
8551.0,1,1,1,5,1,1,1
8567.0,3,3,5,1,5,1,3
8576.0,1,3,1,5,1,1,1
8584.0,1,1,1,1,5,1,1
8599.0,1,1,1,5,1,1,1
8602.0,1,1,5,3,5,5,1
8614.0,1,1,5,5,1,1,1
8621.0,1,5,5,1,1,1,5
8622.0,1,1,1,1,5,1,3
8646.0,1,1,1,3,1,1,1
8650.0,1,1,1,1,1,1,1
8669.0,1,1,5,5,1,1,5
8680.0,3,1,5,5,1,1,1
8689.0,1,1,1,1,1,1,1
8710.0,1,1,5,5,1,1,1
8724.0,1,5,5,1,1,1,5
8742.0,1,1,1,1,5,1,3
8767.0,1,1,1,1,5,1,1
8778.0,5,5,5,1,1,1,5
8793.0,5,3,5,5,1,1,5
8809.0,5,5,5,5,1,1,5
8819.0,5,5,5,1,3,5,1
8823.0,3,1,3,5,3,5,3
8828.0,3,1,1,1,3,3,3
8838.0,1,1,1,1,5,1,1
8842.0,3,5,3,5,3,1,3
8883.0,5,5,5,3,1,5,3
8887.0,1,1,5,5,5,1,5
8898.0,1,1,1,3,1,1,1
8910.0,1,1,1,1,1,1,1
8918.0,1,1,5,1,1,1,5
8935.0,1,1,1,1,1,1,1
8956.0,1,1,3,3,1,3,3
8981.0,1,1,1,1,1,1,1
8997.0,3,3,3,3,3,3,3
8999.0,1,1,3,1,1,1,1
9022.0,1,1,5,1,1,1,3
9039.0,1,1,1,1,1,1,1
9040.0,1,3,3,1,1,1,1
9042.0,3,3,3,3,3,3,3
9051.0,1,5,1,1,1,5,5
9066.0,1,3,3,1,5,1,3
9076.0,3,1,5,3,3,3,3
9085.0,5,3,5,5,1,5,1
9090.0,3,3,3,3,3,3,3
9092.0,1,1,1,1,1,1,1
9104.0,1,5,1,1,5,1,1
9111.0,3,3,5,5,1,1,5
9117.0,3,3,3,3,3,3,3
9120.0,1,1,1,1,1,1,1
9123.0,1,1,1,1,1,1,3
9143.0,1,1,3,1,3,1,1
9145.0,5,5,1,1,5,1,1
9170.0,1,1,1,3,1,1,1
9175.0,1,1,5,5,5,1,5
9183.0,1,1,5,5,1,1,3
9193.0,3,3,3,3,3,3,3
9207.0,3,3,3,3,1,3,3
9217.0,5,5,3,3,3,1,3
9223.0,5,5,5,5,5,5,5
9250.0,3,3,1,5,1,3,1
9255.0,5,5,5,1,1,1,5
9264.0,1,5,3,1,1,1,3
9279.0,1,1,5,1,5,1,1
9285.0,5,1,5,5,1,1,5
9291.0,1,1,3,1,1,1,1
9299.0,5,3,3,3,3,3,5
9309.0,5,5,5,5,1,1,1
9320.0,5,3,5,1,1,5,5
9324.0,1,3,1,1,5,1,1
9358.0,1,3,1,3,1,3,1
9375.0,3,3,3,3,3,3,3
9391.0,1,1,5,5,1,1,1
9402.0,1,1,1,1,1,1,1
9413.0,5,5,5,5,1,1,5
9425.0,5,5,1,1,5,1,5
9445.0,1,1,1,1,3,1,1
9462.0,1,1,5,3,1,1,1
9556.0,1,3,5,1,1,1,1
9561.0,1,1,1,1,5,1,1
9566.0,3,5,5,1,5,5,5
9576.0,5,5,5,1,1,1,5
9577.0,1,1,5,1,3,1,1
9578.0,1,1,1,1,1,1,1
9591.0,1,1,1,1,1,1,1
9592.0,1,1,1,1,1,1,5
9608.0,1,1,5,1,1,1,1
9610.0,3,5,5,3,3,3,5
9614.0,5,1,5,1,1,1,5
9626.0,3,3,3,3,3,3,3
9631.0,5,5,5,5,5,5,5
9635.0,1,1,1,1,1,1,1
9647.0,1,1,1,1,5,1,1
9655.0,5,5,5,1,1,1,3
9666.0,3,3,1,5,1,1,1
9672.0,3,3,3,3,3,3,3
9675.0,5,3,5,5,5,1,5
9678.0,1,1,5,5,5,1,3
9690.0,5,5,5,5,1,3,5
9692.0,1,1,1,1,1,1,1
9703.0,1,1,1,1,1,1,1
9709.0,1,1,1,1,1,1,1
9714.0,3,5,3,3,5,5,3
9733.0,1,1,3,1,1,1,3
9743.0,1,5,5,1,1,1,5
9750.0,1,1,1,1,5,1,5
9757.0,5,3,1,1,1,1,1
9762.0,5,5,5,1,1,1,5
9765.0,1,1,3,3,1,1,1
9774.0,1,3,5,1,3,1,5
9779.0,1,1,1,1,5,1,1
9784.0,1,1,1,1,1,1,1
9792.0,3,1,1,5,1,5,3
9795.0,1,1,5,1,5,1,5
9798.0,5,5,5,1,3,1,5
9809.0,3,3,5,3,1,1,3
9812.0,5,5,5,1,5,1,5
9828.0,1,1,1,1,1,1,1
9844.0,1,1,1,1,5,1,1
9872.0,1,1,1,1,3,1,1
9875.0,1,3,5,5,1,1,1
9890.0,1,1,1,1,1,1,1
9901.0,1,1,5,1,5,1,1
9910.0,3,5,1,1,3,1,1
9916.0,1,1,5,1,5,1,3
9924.0,5,1,5,5,5,1,5
9928.0,1,1,5,1,1,1,3
9934.0,1,1,5,3,1,1,1
9938.0,1,1,1,1,5,1,5
9949.0,1,3,5,3,1,1,1
9968.0,1,1,3,1,1,1,1
9984.0,1,1,1,5,1,1,1
9985.0,1,1,1,1,1,5,1
9989.0,3,1,3,1,5,1,3
9993.0,1,1,5,5,5,1,1
10005.0,5,5,5,1,5,5,5
10007.0,3,3,3,3,3,5,3
10009.0,1,1,5,3,1,1,1
10012.0,5,3,5,1,1,1,5
10017.0,1,5,1,1,5,1,1
10019.0,3,5,5,1,1,1,1
10023.0,5,5,5,1,1,1,1
10028.0,1,1,1,1,1,1,1
10029.0,1,1,1,1,5,1,1
10040.0,1,1,1,1,5,1,1
10045.0,3,3,5,3,1,5,3
10051.0,3,5,3,5,1,1,3
10057.0,1,3,3,1,3,1,3
10099.0,1,1,1,5,1,1,1
10100.0,1,1,1,1,1,1,1
10102.0,3,1,1,5,1,5,5
10110.0,3,1,3,1,1,1,3
10122.0,5,5,5,1,5,5,5
10123.0,5,5,5,3,1,3,5
10127.0,5,3,5,5,5,3,5
10139.0,3,3,1,1,5,1,3
10161.0,1,3,5,1,1,1,1
10164.0,3,5,5,5,1,3,3
10184.0,1,5,5,1,1,1,1
10188.0,1,1,1,5,1,1,1
10193.0,1,1,1,1,5,1,1
10196.0,3,3,5,1,3,5,3
10211.0,1,1,1,1,1,1,1
10224.0,1,1,3,3,1,1,1
10230.0,1,5,3,1,5,1,1
10240.0,1,3,1,1,1,1,3
10250.0,5,5,5,5,5,3,5
10257.0,1,1,1,5,1,1,5
10265.0,1,5,1,1,5,1,1
10270.0,1,1,3,1,3,1,1
10284.0,1,1,1,1,1,1,1
10285.0,5,5,3,1,1,1,1
10288.0,5,3,3,3,5,1,5
10289.0,1,3,1,1,5,1,1
10300.0,1,3,5,1,1,1,1
10303.0,1,1,1,3,1,1,1
10307.0,5,5,5,3,3,5,5
10309.0,1,1,1,1,1,1,1
10314.0,3,3,1,1,3,1,5
10326.0,1,1,5,3,1,3,1
10335.0,1,1,1,5,1,1,1
10352.0,1,3,3,3,1,1,1
10369.0,1,1,5,1,1,1,1
10370.0,1,1,5,3,1,1,1
10400.0,5,5,1,1,5,5,5
10402.0,1,1,3,1,1,1,3
10429.0,1,1,1,1,1,1,1
10435.0,1,1,3,3,1,1,1
10439.0,1,1,5,1,1,1,1
10443.0,1,3,5,1,1,1,5
10474.0,5,3,5,5,5,3,5
10476.0,1,1,1,5,1,1,3
10483.0,1,3,5,1,1,1,1
10488.0,1,1,3,5,1,1,1
10490.0,1,1,1,5,1,1,1
10492.0,5,5,5,1,1,1,3
10495.0,1,1,3,1,1,1,1
10501.0,3,3,5,5,1,1,5
10508.0,1,1,1,1,3,1,1
10509.0,5,5,5,5,5,1,5
10516.0,1,5,3,1,5,1,3
10535.0,1,1,3,3,1,1,5
10560.0,1,1,1,1,1,1,5
10563.0,1,1,3,1,1,1,1
10572.0,1,1,1,1,1,1,3
10574.0,1,1,1,5,1,1,1
10580.0,1,1,1,1,1,1,1
10582.0,1,1,1,1,1,1,3
10599.0,1,1,3,1,5,1,1
10601.0,1,3,1,1,3,5,1
10649.0,5,5,5,5,5,1,5
10679.0,1,1,1,1,1,1,1
10680.0,1,1,5,1,5,1,3
10689.0,1,1,1,1,5,1,3
10690.0,3,1,3,1,1,5,3
10693.0,5,5,1,1,1,1,1
10711.0,1,1,1,1,1,1,1
10716.0,1,1,5,3,1,1,1
10719.0,5,1,1,5,1,1,1
10726.0,5,5,5,1,5,5,5
10749.0,5,3,3,3,3,3,5
10752.0,1,1,5,5,1,1,1
10769.0,5,5,5,1,5,5,5
10772.0,1,1,1,1,1,1,1
10780.0,1,1,1,1,5,1,1
10782.0,3,3,3,1,1,1,1
10783.0,3,5,3,1,5,1,3
10787.0,1,1,1,3,1,1,1
10801.0,5,5,5,1,5,1,5
10802.0,3,3,5,3,1,1,3
10809.0,1,1,1,1,1,1,1
10817.0,3,3,3,1,5,1,5
10821.0,3,3,3,3,3,3,3
10829.0,5,3,5,3,1,1,5
10831.0,3,5,5,5,5,1,5
10837.0,1,5,1,5,1,1,3
10851.0,1,1,1,3,3,1,1
10854.0,1,1,5,1,1,1,1
10855.0,1,1,5,3,5,1,5
10858.0,1,3,5,1,5,1,1
10859.0,3,3,5,5,5,1,5
10865.0,1,1,5,1,5,1,5
10874.0,1,1,1,5,1,5,1
10877.0,1,1,5,3,1,1,5
10884.0,1,1,5,3,1,1,1
10886.0,5,1,5,5,1,1,3
10887.0,1,1,1,1,1,1,1
10905.0,3,5,5,3,1,1,5
10907.0,3,5,3,1,1,5,5
10913.0,1,1,1,1,5,1,5
10928.0,1,1,3,1,1,1,1
10937.0,1,1,1,5,1,1,1
10946.0,1,1,1,1,1,1,1
10957.0,3,3,3,5,5,1,1
10959.0,5,5,3,3,5,5,5
10962.0,1,3,3,1,1,1,1
10974.0,5,5,5,1,5,1,5
10982.0,1,1,1,3,1,1,3
10984.0,1,1,1,1,1,1,1
10988.0,1,3,1,1,5,1,3
11001.0,3,3,3,5,1,1,3
11002.0,1,3,1,1,1,1,1
11007.0,1,5,1,1,5,1,5
11023.0,1,1,1,5,1,1,1
11028.0,5,1,5,1,1,1,1
11029.0,1,1,5,5,1,1,5
11038.0,5,5,1,1,1,1,1
11045.0,1,1,1,5,1,1,1
11054.0,1,1,1,1,1,1,1
11056.0,3,5,5,1,1,1,3
11069.0,1,5,3,1,1,1,1
11074.0,1,5,3,5,1,1,5
11077.0,1,3,3,1,1,1,3
11094.0,5,5,5,1,5,5,5
11096.0,1,1,1,3,5,1,1
11099.0,1,1,1,1,1,1,1
11101.0,3,1,3,1,1,1,1
11121.0,1,3,1,5,1,1,1
11127.0,1,1,1,1,1,1,1
11133.0,3,3,3,3,3,3,3
11136.0,1,1,5,1,1,1,1
11139.0,3,5,5,1,1,1,5
11142.0,5,5,5,1,1,1,5
11156.0,3,3,1,1,5,3,1
11185.0,1,1,1,1,1,1,1
11214.0,1,1,1,3,1,1,1
11224.0,1,1,3,1,1,1,1
11234.0,1,1,5,1,1,1,1
11236.0,5,5,5,5,1,1,1
11238.0,1,3,1,1,1,1,1
11251.0,1,5,5,1,5,1,5
11257.0,1,1,5,1,5,1,1
11258.0,1,5,5,5,5,3,3
11264.0,1,1,1,1,1,1,1
11274.0,1,1,5,3,5,1,1
11270.0,1,1,1,1,1,1,1
11272.0,5,5,3,1,5,1,1
11279.0,5,1,5,5,1,1,1
11285.0,1,1,1,1,1,1,1
11286.0,5,5,5,1,5,5,5
11290.0,1,1,1,1,5,5,3
11299.0,3,3,5,3,3,1,5
11309.0,1,1,3,3,5,1,3
11314.0,3,3,3,3,3,3,3
11317.0,3,5,5,1,5,1,5
11320.0,3,3,1,1,3,3,3
11333.0,1,1,5,5,5,1,1
11334.0,1,1,1,1,1,1,1
11345.0,3,3,3,5,5,1,3
11349.0,3,3,5,1,1,1,3
11352.0,1,1,3,1,1,1,5
11361.0,1,1,3,1,3,1,5
11384.0,3,5,5,5,5,1,5
11394.0,1,1,1,1,1,1,1
11395.0,1,1,1,1,5,1,1
11412.0,1,1,5,1,1,1,3
11434.0,1,1,5,1,1,1,1
11436.0,3,5,3,5,5,1,3
11459.0,1,5,1,1,1,1,1
11474.0,1,5,5,1,1,1,5
11479.0,5,5,5,1,5,5,5
11483.0,1,1,1,3,1,1,1
11491.0,1,1,1,5,1,1,1
11499.0,1,1,5,5,1,1,1
11512.0,3,5,5,1,1,3,5
11517.0,5,5,5,5,1,1,3
11521.0,1,1,1,1,1,1,1
11532.0,5,3,5,5,5,1,1
11533.0,3,5,3,5,5,1,3
11536.0,1,1,5,1,1,1,1
11539.0,1,1,1,1,1,1,1
11559.0,1,1,5,1,1,1,1
11560.0,5,5,5,1,1,1,1
11561.0,1,1,5,5,1,1,1
11571.0,3,3,1,1,5,1,3
11578.0,1,3,1,3,5,1,1
11590.0,3,3,3,3,3,3,3
11598.0,1,1,1,1,5,1,1
11611.0,1,1,1,5,1,1,1
11635.0,5,5,1,3,1,1,5
11649.0,1,1,5,5,5,5,1
11653.0,3,5,1,1,5,5,1
11654.0,5,5,1,1,5,1,5
11666.0,1,1,1,3,1,1,1
11675.0,3,3,3,3,5,3,3
11677.0,1,1,1,1,1,1,1
11691.0,1,1,5,1,5,1,1
11694.0,1,5,5,1,1,1,5
11702.0,1,1,5,5,1,1,1
11719.0,5,5,5,5,5,1,5
11720.0,3,5,5,1,5,1,1
11743.0,1,1,3,5,1,3,3
11747.0,1,1,1,1,1,1,3
11763.0,5,5,1,1,1,1,1
11764.0,3,3,1,1,3,1,1
11772.0,5,5,5,3,1,3,3
11780.0,1,1,1,1,3,1,5
11782.0,5,5,5,1,5,1,5
11783.0,3,3,3,1,3,5,1
11789.0,5,5,5,1,5,5,5
11791.0,1,1,1,3,5,1,1
11794.0,1,1,1,1,1,1,1
11798.0,1,1,1,1,5,1,1
11806.0,5,5,3,1,1,1,3
11814.0,5,5,5,1,1,1,5
11817.0,3,5,5,1,5,5,5
11829.0,3,5,5,5,5,5,5
11866.0,1,1,1,1,5,1,1
11869.0,1,1,5,1,1,1,5
11876.0,1,5,3,1,5,1,3
11889.0,5,5,1,1,5,1,3
11892.0,1,1,5,1,1,1,1
11898.0,3,3,3,3,3,3,3
11905.0,1,1,1,3,1,1,3
11906.0,1,3,5,5,1,1,5
11908.0,1,1,1,3,1,1,5
11918.0,5,1,3,1,5,1,5
11935.0,1,1,1,1,1,1,1
11937.0,3,3,3,3,3,3,3
11942.0,3,3,3,3,1,5,1
11943.0,1,1,1,1,1,3,3
11955.0,1,1,5,1,1,1,1
11957.0,1,5,5,1,3,1,1
11959.0,5,5,5,5,5,3,5
11969.0,5,3,5,5,1,1,1
11980.0,1,1,1,1,5,1,1
11981.0,3,5,3,3,5,1,5
11985.0,1,1,1,1,5,1,1
11991.0,5,3,5,5,1,1,3
12002.0,5,5,1,1,5,1,5
12004.0,5,5,5,1,5,3,5
12005.0,3,3,3,3,3,3,3
12027.0,3,1,5,5,1,5,1
12031.0,1,1,5,5,1,1,1
12032.0,5,5,1,1,3,1,1
12044.0,1,1,1,5,1,1,1
12048.0,1,3,1,5,1,1,1
12055.0,1,1,3,1,1,1,1
12063.0,5,5,5,5,5,3,5
12082.0,3,5,5,1,1,1,5
12083.0,1,3,5,1,1,1,5
12105.0,5,3,1,1,3,3,5
12124.0,1,1,5,1,1,1,3
12127.0,3,1,5,5,5,5,1
12137.0,1,1,3,1,1,1,5
12139.0,1,1,1,1,1,1,1
12140.0,3,3,3,3,3,3,3
12145.0,3,5,5,5,1,3,5
12149.0,5,5,1,1,1,1,5
12150.0,3,1,5,5,5,1,1
12153.0,5,5,1,1,5,3,5
12174.0,5,5,5,1,5,1,5
12176.0,1,1,1,1,1,5,1
12180.0,3,3,3,1,3,3,3
12185.0,1,1,1,5,1,1,1
12190.0,1,1,1,1,1,1,1
12194.0,1,1,1,1,1,1,1
12197.0,1,1,1,3,1,1,1
12202.0,3,3,5,1,1,1,5
12239.0,1,3,5,5,1,1,1
12243.0,1,5,1,1,1,1,1
12258.0,5,3,1,3,5,3,3
12271.0,1,1,1,3,5,1,1
12272.0,1,1,1,3,5,1,1
12273.0,1,1,1,5,1,1,1
12274.0,1,1,3,1,1,1,1
12277.0,1,1,3,1,3,5,1
12278.0,5,1,5,1,1,1,5
12287.0,1,1,1,1,1,1,1
12288.0,5,5,5,1,5,5,5
12291.0,1,1,1,1,1,1,1
12294.0,5,5,5,1,5,3,5
12296.0,1,1,1,1,1,1,1
12307.0,3,3,5,1,3,5,5
12333.0,5,3,3,1,1,3,1
12334.0,5,1,5,3,1,5,5
12357.0,3,3,5,1,1,1,3
12378.0,5,5,3,5,1,1,3
12400.0,1,3,5,1,5,1,1
