,id,ALLANIMALPROTECTION,ALLENVIRONMENT,ALLCOST,ALLHEALTH,ALLRELIGIOUSSPIRITUAL,ALLSOCIALINFLUENCE,ALLSOCIALJUSTICEWORLDHUNGER,ALLFOODTREND,ALLDISGUST
0,507.0,1.0,1.0,1.0,1.0,1.0,5.0,1.0,1.0,1.0
1,499.0,1.0,1.0,1.0,1.0,1.0,1.0,1.0,4.0,1.0
2,494.0,3.0,4.0,5.0,5.0,1.0,2.0,1.0,1.0,5.0
3,62.0,3.0,2.0,1.0,3.0,1.0,1.0,3.0,3.0,1.0
4,64.0,1.0,1.0,1.0,5.0,1.0,1.0,1.0,2.0,2.0
5,72.0,3.0,4.0,1.0,5.0,2.0,5.0,3.0,1.0,1.0
6,77.0,3.0,3.0,5.0,2.0,1.0,1.0,1.0,1.0,1.0
7,83.0,3.0,2.0,2.0,5.0,1.0,2.0,2.0,1.0,5.0
8,92.0,5.0,5.0,1.0,5.0,1.0,3.0,2.0,1.0,5.0
9,94.0,3.0,5.0,3.0,5.0,3.0,1.0,3.0,1.0,4.0
10,97.0,1.0,1.0,5.0,2.0,1.0,1.0,1.0,1.0,1.0
11,98.0,1.0,1.0,1.0,1.0,1.0,1.0,1.0,1.0,1.0
12,102.0,1.0,1.0,3.0,5.0,3.0,3.0,1.0,1.0,3.0
13,114.0,3.0,4.0,3.0,4.0,2.0,1.0,1.0,1.0,4.0
14,122.0,3.0,3.0,1.0,5.0,1.0,3.0,1.0,1.0,2.0
15,148.0,1.0,2.0,1.0,4.0,1.0,2.0,1.0,1.0,1.0
16,150.0,1.0,1.0,1.0,1.0,1.0,1.0,1.0,1.0,1.0
17,159.0,1.0,1.0,1.0,1.0,1.0,1.0,1.0,1.0,1.0
18,166.0,3.0,2.0,2.0,2.0,2.0,2.0,2.0,1.0,1.0
19,183.0,1.0,1.0,1.0,1.0,1.0,1.0,1.0,1.0,1.0
20,185.0,1.0,1.0,1.0,4.0,1.0,1.0,2.0,1.0,2.0
21,200.0,5.0,3.0,2.0,3.0,3.0,2.0,3.0,2.0,3.0
22,235.0,1.0,2.0,1.0,4.0,1.0,1.0,2.0,1.0,1.0
23,236.0,3.0,3.0,3.0,3.0,3.0,3.0,3.0,3.0,3.0
24,254.0,1.0,1.0,1.0,5.0,1.0,1.0,1.0,1.0,1.0
25,264.0,,,,,,,,,
26,265.0,3.0,3.0,2.0,4.0,1.0,2.0,2.0,1.0,3.0
27,284.0,5.0,5.0,2.0,4.0,1.0,1.0,2.0,1.0,3.0
28,285.0,3.0,4.0,2.0,5.0,1.0,2.0,1.0,1.0,2.0
29,294.0,3.0,1.0,3.0,4.0,1.0,1.0,1.0,1.0,2.0
30,311.0,1.0,1.0,1.0,5.0,1.0,4.0,1.0,2.0,1.0
31,317.0,3.0,3.0,3.0,3.0,3.0,3.0,3.0,1.0,3.0
32,354.0,3.0,3.0,5.0,3.0,1.0,4.0,2.0,1.0,4.0
33,359.0,2.0,2.0,5.0,4.0,1.0,1.0,1.0,1.0,1.0
34,366.0,3.0,3.0,2.0,5.0,1.0,3.0,1.0,2.0,4.0
35,371.0,3.0,3.0,3.0,3.0,3.0,3.0,3.0,3.0,3.0
36,376.0,1.0,1.0,1.0,5.0,1.0,1.0,1.0,1.0,1.0
37,433.0,3.0,1.0,2.0,5.0,1.0,1.0,1.0,1.0,1.0
38,435.0,5.0,2.0,2.0,4.0,1.0,1.0,4.0,1.0,4.0
39,445.0,5.0,1.0,1.0,3.0,1.0,1.0,1.0,1.0,5.0
40,447.0,2.0,2.0,1.0,5.0,1.0,1.0,2.0,1.0,4.0
41,456.0,4.0,4.0,2.0,5.0,1.0,1.0,1.0,1.0,5.0
42,461.0,1.0,1.0,4.0,4.0,1.0,1.0,1.0,1.0,1.0
43,471.0,1.0,1.0,1.0,1.0,1.0,1.0,1.0,2.0,1.0
44,474.0,5.0,5.0,1.0,5.0,1.0,1.0,1.0,1.0,5.0
45,479.0,5.0,4.0,4.0,4.0,4.0,4.0,3.0,4.0,5.0
46,538.0,5.0,3.0,2.0,4.0,1.0,1.0,2.0,1.0,5.0
47,564.0,1.0,1.0,1.0,1.0,1.0,4.0,1.0,1.0,1.0
48,568.0,5.0,5.0,1.0,3.0,1.0,2.0,5.0,1.0,3.0
49,577.0,1.0,1.0,3.0,4.0,1.0,3.0,1.0,3.0,1.0
50,580.0,2.0,2.0,1.0,2.0,5.0,1.0,3.0,1.0,1.0
51,597.0,5.0,1.0,4.0,5.0,1.0,1.0,1.0,1.0,5.0
52,601.0,5.0,1.0,1.0,3.0,1.0,1.0,1.0,1.0,2.0
53,603.0,1.0,1.0,1.0,5.0,1.0,1.0,1.0,1.0,1.0
54,604.0,1.0,3.0,2.0,5.0,1.0,1.0,1.0,1.0,1.0
55,611.0,1.0,1.0,1.0,4.0,1.0,1.0,1.0,2.0,1.0
56,614.0,1.0,1.0,2.0,4.0,1.0,1.0,1.0,4.0,1.0
57,616.0,3.0,3.0,3.0,4.0,1.0,4.0,3.0,1.0,1.0
58,622.0,1.0,1.0,1.0,3.0,1.0,4.0,1.0,1.0,1.0
59,626.0,1.0,1.0,1.0,1.0,4.0,1.0,1.0,1.0,1.0
60,630.0,5.0,5.0,5.0,5.0,5.0,5.0,5.0,5.0,5.0
61,632.0,5.0,5.0,4.0,4.0,5.0,3.0,5.0,3.0,5.0
62,641.0,5.0,2.0,1.0,1.0,1.0,1.0,1.0,1.0,5.0
63,643.0,1.0,1.0,1.0,4.0,1.0,1.0,1.0,1.0,2.0
64,645.0,1.0,1.0,1.0,3.0,1.0,1.0,1.0,1.0,1.0
65,647.0,5.0,5.0,2.0,3.0,1.0,1.0,5.0,1.0,3.0
66,651.0,1.0,1.0,1.0,4.0,1.0,5.0,1.0,2.0,1.0
67,652.0,1.0,1.0,1.0,3.0,1.0,4.0,1.0,1.0,1.0
68,661.0,1.0,1.0,3.0,3.0,1.0,1.0,1.0,1.0,1.0
69,672.0,5.0,5.0,1.0,4.0,4.0,1.0,4.0,5.0,5.0
70,675.0,4.0,4.0,1.0,5.0,3.0,1.0,3.0,1.0,4.0
71,682.0,2.0,4.0,2.0,5.0,1.0,2.0,3.0,1.0,4.0
72,700.0,1.0,1.0,1.0,2.0,1.0,5.0,1.0,1.0,1.0
73,709.0,3.0,3.0,3.0,3.0,3.0,3.0,3.0,3.0,3.0
74,711.0,1.0,1.0,1.0,4.0,1.0,1.0,1.0,1.0,1.0
75,712.0,1.0,1.0,1.0,3.0,1.0,1.0,1.0,1.0,1.0
76,718.0,1.0,1.0,3.0,3.0,1.0,1.0,1.0,1.0,1.0
77,725.0,1.0,1.0,1.0,5.0,1.0,1.0,1.0,1.0,1.0
78,744.0,3.0,3.0,3.0,4.0,1.0,1.0,1.0,1.0,5.0
79,768.0,2.0,2.0,1.0,5.0,3.0,1.0,2.0,1.0,4.0
80,776.0,3.0,2.0,2.0,3.0,1.0,2.0,1.0,1.0,3.0
81,779.0,3.0,5.0,4.0,5.0,1.0,1.0,2.0,1.0,2.0
82,788.0,5.0,5.0,1.0,5.0,4.0,2.0,5.0,1.0,1.0
83,789.0,1.0,3.0,3.0,4.0,1.0,3.0,3.0,3.0,3.0
84,796.0,5.0,5.0,1.0,5.0,1.0,1.0,1.0,1.0,5.0
85,797.0,1.0,1.0,1.0,4.0,1.0,3.0,1.0,1.0,1.0
86,800.0,4.0,4.0,2.0,4.0,2.0,3.0,4.0,1.0,2.0
87,809.0,1.0,1.0,1.0,1.0,1.0,5.0,1.0,1.0,1.0
88,819.0,4.0,4.0,4.0,4.0,4.0,4.0,4.0,5.0,4.0
89,822.0,1.0,1.0,1.0,4.0,1.0,1.0,1.0,1.0,1.0
90,839.0,5.0,5.0,3.0,5.0,3.0,2.0,3.0,1.0,3.0
91,842.0,2.0,1.0,1.0,2.0,1.0,2.0,1.0,1.0,1.0
92,847.0,1.0,1.0,1.0,3.0,1.0,2.0,1.0,3.0,2.0
93,848.0,5.0,5.0,5.0,5.0,5.0,5.0,5.0,5.0,5.0
94,854.0,1.0,1.0,1.0,4.0,1.0,1.0,1.0,1.0,1.0
95,882.0,2.0,3.0,2.0,4.0,1.0,2.0,2.0,2.0,3.0
96,886.0,2.0,3.0,2.0,4.0,1.0,4.0,2.0,2.0,2.0
97,894.0,1.0,1.0,1.0,2.0,1.0,1.0,1.0,2.0,1.0
98,900.0,5.0,5.0,5.0,5.0,5.0,4.0,5.0,5.0,1.0
99,901.0,3.0,3.0,3.0,4.0,3.0,4.0,3.0,4.0,4.0
100,907.0,3.0,3.0,3.0,3.0,3.0,3.0,3.0,3.0,3.0
101,927.0,1.0,1.0,1.0,5.0,1.0,1.0,1.0,1.0,1.0
102,930.0,2.0,3.0,1.0,4.0,1.0,1.0,1.0,1.0,1.0
103,962.0,5.0,3.0,3.0,4.0,5.0,3.0,3.0,1.0,5.0
104,966.0,3.0,2.0,1.0,3.0,1.0,3.0,4.0,1.0,3.0
105,975.0,2.0,2.0,2.0,4.0,1.0,2.0,2.0,3.0,1.0
106,996.0,1.0,1.0,1.0,2.0,1.0,1.0,1.0,1.0,1.0
107,1007.0,1.0,3.0,3.0,3.0,1.0,1.0,1.0,1.0,1.0
108,1018.0,2.0,2.0,2.0,4.0,1.0,1.0,1.0,1.0,1.0
109,1019.0,1.0,1.0,1.0,5.0,1.0,1.0,1.0,5.0,4.0
110,1021.0,3.0,3.0,3.0,4.0,2.0,2.0,3.0,1.0,5.0
111,1029.0,4.0,4.0,4.0,4.0,3.0,4.0,4.0,5.0,4.0
112,1031.0,4.0,2.0,2.0,3.0,1.0,2.0,1.0,1.0,4.0
113,1047.0,1.0,1.0,3.0,4.0,5.0,3.0,1.0,1.0,1.0
114,1066.0,1.0,1.0,1.0,4.0,1.0,1.0,1.0,1.0,1.0
115,1096.0,1.0,1.0,1.0,1.0,1.0,5.0,1.0,1.0,1.0
116,1098.0,5.0,5.0,2.0,4.0,1.0,3.0,4.0,2.0,4.0
117,1102.0,2.0,2.0,1.0,3.0,1.0,1.0,1.0,1.0,1.0
118,1106.0,3.0,3.0,1.0,3.0,1.0,1.0,1.0,1.0,1.0
119,1110.0,4.0,4.0,4.0,5.0,2.0,4.0,4.0,1.0,4.0
120,1113.0,1.0,1.0,3.0,4.0,1.0,1.0,1.0,1.0,1.0
121,1129.0,1.0,1.0,1.0,2.0,1.0,1.0,1.0,2.0,1.0
122,1143.0,5.0,5.0,5.0,5.0,3.0,5.0,3.0,3.0,5.0
123,1145.0,1.0,2.0,2.0,3.0,5.0,2.0,2.0,3.0,3.0
124,1149.0,4.0,3.0,3.0,4.0,1.0,4.0,2.0,4.0,4.0
125,1158.0,1.0,1.0,1.0,3.0,1.0,1.0,1.0,1.0,1.0
126,1161.0,1.0,2.0,2.0,4.0,1.0,2.0,1.0,1.0,1.0
127,1163.0,1.0,1.0,1.0,5.0,1.0,1.0,1.0,1.0,1.0
128,1181.0,4.0,3.0,2.0,3.0,3.0,1.0,3.0,1.0,5.0
129,1182.0,5.0,4.0,1.0,3.0,1.0,4.0,5.0,4.0,5.0
130,1190.0,4.0,4.0,4.0,4.0,2.0,2.0,4.0,2.0,4.0
131,1194.0,1.0,1.0,1.0,3.0,1.0,3.0,1.0,2.0,1.0
132,1212.0,1.0,1.0,1.0,5.0,4.0,1.0,1.0,1.0,2.0
133,1213.0,4.0,4.0,2.0,3.0,4.0,3.0,4.0,4.0,1.0
134,1221.0,5.0,2.0,4.0,4.0,1.0,2.0,2.0,2.0,5.0
135,1228.0,2.0,4.0,3.0,2.0,4.0,3.0,4.0,3.0,3.0
136,1238.0,3.0,3.0,1.0,3.0,1.0,1.0,1.0,1.0,1.0
137,1242.0,4.0,2.0,3.0,4.0,1.0,2.0,2.0,2.0,3.0
138,1250.0,1.0,1.0,1.0,5.0,1.0,1.0,1.0,1.0,1.0
139,1254.0,1.0,2.0,3.0,3.0,1.0,1.0,1.0,1.0,1.0
140,1259.0,2.0,2.0,3.0,5.0,1.0,3.0,1.0,1.0,1.0
141,1261.0,4.0,4.0,1.0,5.0,1.0,1.0,2.0,1.0,1.0
142,1262.0,3.0,4.0,3.0,4.0,1.0,3.0,3.0,4.0,1.0
143,1264.0,4.0,4.0,2.0,3.0,4.0,2.0,2.0,1.0,4.0
144,1267.0,3.0,1.0,1.0,5.0,1.0,1.0,1.0,1.0,1.0
145,1269.0,5.0,4.0,4.0,4.0,4.0,5.0,4.0,4.0,4.0
146,1273.0,5.0,1.0,3.0,5.0,1.0,2.0,1.0,1.0,5.0
147,1285.0,1.0,1.0,1.0,4.0,1.0,1.0,1.0,2.0,1.0
148,1286.0,3.0,4.0,1.0,3.0,3.0,4.0,4.0,3.0,4.0
149,1288.0,5.0,1.0,1.0,2.0,3.0,1.0,2.0,1.0,4.0
150,1298.0,1.0,1.0,1.0,5.0,1.0,1.0,1.0,1.0,1.0
151,1300.0,1.0,1.0,2.0,2.0,5.0,4.0,1.0,4.0,1.0
152,1302.0,4.0,5.0,4.0,3.0,2.0,4.0,4.0,3.0,4.0
153,1305.0,5.0,3.0,2.0,3.0,3.0,2.0,2.0,1.0,5.0
154,1319.0,2.0,2.0,2.0,4.0,1.0,1.0,1.0,1.0,1.0
155,1324.0,5.0,4.0,3.0,5.0,1.0,2.0,3.0,4.0,5.0
156,1326.0,5.0,5.0,1.0,3.0,1.0,1.0,3.0,1.0,1.0
157,1328.0,1.0,5.0,4.0,5.0,1.0,4.0,4.0,2.0,4.0
158,1335.0,3.0,4.0,1.0,5.0,1.0,1.0,1.0,1.0,5.0
159,1346.0,5.0,4.0,2.0,3.0,4.0,2.0,4.0,3.0,3.0
160,1351.0,1.0,1.0,1.0,1.0,1.0,3.0,1.0,1.0,1.0
161,1352.0,5.0,3.0,1.0,1.0,1.0,1.0,1.0,1.0,4.0
162,1363.0,1.0,1.0,1.0,1.0,1.0,1.0,1.0,1.0,1.0
163,1389.0,1.0,1.0,1.0,1.0,1.0,5.0,1.0,1.0,1.0
164,1395.0,2.0,2.0,1.0,3.0,1.0,1.0,1.0,1.0,4.0
165,1403.0,1.0,1.0,1.0,1.0,1.0,1.0,1.0,1.0,1.0
166,1435.0,2.0,1.0,1.0,2.0,1.0,1.0,1.0,2.0,2.0
167,1451.0,5.0,5.0,3.0,3.0,4.0,1.0,5.0,1.0,5.0
168,1454.0,2.0,4.0,4.0,4.0,3.0,1.0,2.0,1.0,4.0
169,1456.0,2.0,2.0,2.0,4.0,2.0,2.0,2.0,2.0,1.0
170,1461.0,3.0,3.0,3.0,5.0,2.0,4.0,3.0,2.0,3.0
171,1462.0,1.0,2.0,1.0,4.0,1.0,1.0,2.0,1.0,1.0
172,1463.0,4.0,5.0,2.0,3.0,1.0,3.0,5.0,1.0,5.0
173,1466.0,3.0,2.0,1.0,3.0,1.0,2.0,2.0,1.0,1.0
174,1467.0,4.0,3.0,1.0,2.0,4.0,3.0,1.0,1.0,4.0
175,1478.0,1.0,1.0,3.0,4.0,1.0,1.0,1.0,1.0,1.0
176,1480.0,3.0,5.0,5.0,5.0,3.0,1.0,3.0,3.0,5.0
177,1482.0,1.0,1.0,1.0,5.0,5.0,2.0,1.0,3.0,1.0
178,1483.0,,,,,,,,,
179,1506.0,5.0,4.0,1.0,4.0,2.0,4.0,4.0,1.0,4.0
180,1511.0,2.0,2.0,4.0,5.0,2.0,3.0,3.0,3.0,3.0
181,1513.0,5.0,4.0,4.0,4.0,3.0,2.0,5.0,2.0,5.0
182,1524.0,1.0,1.0,1.0,5.0,1.0,1.0,1.0,1.0,1.0
183,1526.0,4.0,5.0,2.0,2.0,1.0,1.0,2.0,2.0,5.0
184,1528.0,1.0,1.0,4.0,5.0,1.0,1.0,1.0,1.0,1.0
185,1533.0,1.0,3.0,3.0,5.0,3.0,2.0,3.0,4.0,1.0
186,1535.0,1.0,1.0,1.0,5.0,5.0,1.0,1.0,1.0,1.0
187,1536.0,1.0,1.0,3.0,5.0,1.0,2.0,1.0,1.0,2.0
188,1546.0,5.0,3.0,1.0,4.0,1.0,2.0,2.0,1.0,5.0
189,1547.0,4.0,4.0,1.0,3.0,1.0,3.0,4.0,2.0,4.0
190,1549.0,3.0,1.0,1.0,4.0,1.0,1.0,1.0,1.0,2.0
191,1571.0,1.0,1.0,4.0,4.0,1.0,4.0,1.0,4.0,2.0
192,1573.0,5.0,3.0,1.0,3.0,4.0,1.0,2.0,1.0,5.0
193,1575.0,4.0,4.0,4.0,5.0,2.0,4.0,4.0,1.0,5.0
194,1583.0,5.0,2.0,1.0,5.0,1.0,1.0,1.0,1.0,1.0
195,1601.0,4.0,3.0,1.0,2.0,1.0,5.0,2.0,5.0,4.0
196,1620.0,1.0,1.0,1.0,4.0,1.0,1.0,1.0,1.0,1.0
197,1630.0,1.0,1.0,4.0,4.0,1.0,1.0,1.0,1.0,1.0
198,1661.0,3.0,1.0,3.0,5.0,1.0,1.0,1.0,1.0,3.0
199,1665.0,1.0,1.0,1.0,2.0,1.0,1.0,1.0,1.0,1.0
200,1668.0,3.0,3.0,4.0,5.0,1.0,2.0,2.0,1.0,3.0
201,1685.0,5.0,3.0,4.0,1.0,1.0,1.0,2.0,1.0,5.0
202,1688.0,1.0,3.0,1.0,4.0,1.0,4.0,1.0,1.0,1.0
203,1705.0,1.0,1.0,1.0,2.0,1.0,2.0,1.0,2.0,1.0
204,1708.0,2.0,2.0,2.0,4.0,2.0,2.0,2.0,1.0,2.0
205,1711.0,1.0,1.0,3.0,1.0,1.0,2.0,1.0,2.0,1.0
206,1722.0,4.0,4.0,3.0,5.0,1.0,2.0,2.0,1.0,2.0
207,1728.0,2.0,1.0,1.0,3.0,1.0,2.0,1.0,1.0,1.0
208,1743.0,1.0,1.0,1.0,4.0,1.0,2.0,1.0,1.0,1.0
209,1748.0,4.0,4.0,4.0,5.0,2.0,5.0,4.0,4.0,3.0
210,1749.0,1.0,1.0,3.0,4.0,1.0,1.0,1.0,1.0,3.0
211,1755.0,3.0,2.0,1.0,2.0,3.0,3.0,2.0,1.0,2.0
212,1761.0,2.0,1.0,1.0,5.0,1.0,1.0,1.0,1.0,1.0
213,1768.0,5.0,1.0,1.0,2.0,1.0,1.0,1.0,1.0,5.0
214,1770.0,2.0,1.0,3.0,5.0,1.0,2.0,1.0,1.0,2.0
215,1775.0,1.0,3.0,5.0,1.0,1.0,1.0,1.0,3.0,1.0
216,1801.0,1.0,4.0,2.0,2.0,1.0,2.0,5.0,1.0,1.0
217,1808.0,4.0,1.0,1.0,1.0,1.0,1.0,1.0,1.0,4.0
218,1817.0,1.0,2.0,4.0,5.0,5.0,2.0,4.0,3.0,1.0
219,1823.0,5.0,3.0,1.0,3.0,1.0,3.0,1.0,1.0,3.0
220,1831.0,1.0,1.0,5.0,1.0,1.0,1.0,1.0,1.0,1.0
221,1855.0,1.0,3.0,4.0,3.0,1.0,1.0,2.0,1.0,2.0
222,1857.0,1.0,1.0,1.0,5.0,1.0,3.0,1.0,1.0,1.0
223,1879.0,2.0,2.0,2.0,4.0,1.0,1.0,2.0,1.0,1.0
224,1888.0,1.0,3.0,1.0,5.0,1.0,1.0,2.0,4.0,5.0
225,1890.0,2.0,3.0,5.0,3.0,4.0,5.0,3.0,5.0,2.0
226,1894.0,5.0,3.0,1.0,1.0,1.0,1.0,1.0,1.0,5.0
227,1914.0,5.0,5.0,1.0,5.0,1.0,1.0,4.0,1.0,5.0
228,1915.0,2.0,1.0,5.0,3.0,1.0,1.0,1.0,4.0,4.0
229,1919.0,1.0,1.0,1.0,1.0,1.0,1.0,1.0,1.0,1.0
230,1926.0,3.0,2.0,2.0,4.0,2.0,3.0,2.0,2.0,2.0
231,1927.0,4.0,3.0,1.0,4.0,2.0,3.0,2.0,1.0,4.0
232,1929.0,1.0,1.0,4.0,5.0,1.0,3.0,1.0,3.0,1.0
233,1941.0,1.0,1.0,3.0,2.0,1.0,1.0,1.0,1.0,1.0
234,1959.0,2.0,2.0,4.0,3.0,1.0,1.0,2.0,1.0,2.0
235,1968.0,2.0,3.0,1.0,4.0,1.0,1.0,2.0,3.0,4.0
236,1971.0,3.0,3.0,3.0,3.0,3.0,3.0,3.0,3.0,3.0
237,1992.0,2.0,2.0,2.0,5.0,1.0,1.0,3.0,1.0,2.0
238,2024.0,1.0,1.0,1.0,3.0,1.0,1.0,4.0,1.0,1.0
239,2027.0,1.0,2.0,1.0,4.0,1.0,1.0,1.0,1.0,3.0
240,2063.0,2.0,2.0,2.0,3.0,1.0,3.0,2.0,1.0,1.0
241,2064.0,1.0,1.0,1.0,2.0,1.0,1.0,1.0,1.0,1.0
242,2066.0,5.0,5.0,5.0,5.0,5.0,5.0,5.0,5.0,5.0
243,2072.0,5.0,4.0,2.0,5.0,1.0,1.0,1.0,1.0,5.0
244,2079.0,1.0,1.0,1.0,3.0,5.0,1.0,1.0,3.0,1.0
245,2086.0,3.0,1.0,2.0,5.0,2.0,1.0,1.0,1.0,3.0
246,2091.0,1.0,1.0,1.0,5.0,1.0,1.0,1.0,1.0,1.0
247,2100.0,1.0,1.0,1.0,1.0,1.0,4.0,1.0,1.0,1.0
248,2105.0,4.0,3.0,3.0,4.0,1.0,3.0,3.0,1.0,4.0
249,2106.0,2.0,1.0,1.0,1.0,1.0,1.0,1.0,1.0,2.0
250,2108.0,1.0,1.0,1.0,1.0,1.0,1.0,1.0,1.0,1.0
251,2121.0,3.0,4.0,1.0,4.0,1.0,1.0,1.0,1.0,1.0
252,2130.0,3.0,3.0,2.0,5.0,1.0,3.0,3.0,1.0,1.0
253,2168.0,2.0,1.0,1.0,4.0,1.0,1.0,1.0,1.0,1.0
254,2177.0,3.0,2.0,3.0,4.0,2.0,2.0,2.0,1.0,3.0
255,2183.0,5.0,4.0,4.0,4.0,3.0,4.0,3.0,4.0,3.0
256,2189.0,5.0,5.0,5.0,5.0,3.0,1.0,3.0,1.0,3.0
257,2198.0,5.0,5.0,1.0,5.0,5.0,1.0,4.0,1.0,5.0
258,2222.0,4.0,3.0,4.0,5.0,1.0,1.0,2.0,1.0,4.0
259,2223.0,2.0,2.0,4.0,4.0,1.0,2.0,1.0,1.0,2.0
260,2224.0,5.0,5.0,3.0,5.0,5.0,3.0,3.0,1.0,5.0
261,2229.0,5.0,4.0,3.0,5.0,1.0,1.0,3.0,1.0,5.0
262,2246.0,1.0,1.0,1.0,3.0,1.0,1.0,1.0,1.0,1.0
263,2256.0,2.0,2.0,1.0,4.0,1.0,1.0,1.0,1.0,2.0
264,2260.0,3.0,4.0,3.0,5.0,2.0,2.0,3.0,3.0,4.0
265,2265.0,5.0,4.0,3.0,5.0,1.0,2.0,5.0,2.0,5.0
266,2266.0,1.0,1.0,1.0,5.0,1.0,1.0,1.0,1.0,2.0
267,2281.0,2.0,3.0,1.0,5.0,1.0,1.0,1.0,1.0,4.0
268,2289.0,1.0,1.0,1.0,5.0,1.0,1.0,1.0,1.0,2.0
269,2302.0,1.0,1.0,1.0,2.0,1.0,5.0,1.0,1.0,1.0
270,2314.0,1.0,1.0,1.0,3.0,1.0,1.0,1.0,1.0,1.0
271,2332.0,2.0,3.0,3.0,3.0,2.0,3.0,2.0,2.0,3.0
272,2344.0,1.0,3.0,4.0,5.0,1.0,1.0,1.0,1.0,2.0
273,2347.0,3.0,1.0,1.0,1.0,1.0,4.0,1.0,2.0,1.0
274,2349.0,1.0,1.0,3.0,1.0,1.0,1.0,1.0,1.0,1.0
275,2360.0,3.0,4.0,3.0,4.0,1.0,3.0,3.0,1.0,3.0
276,2392.0,4.0,4.0,3.0,3.0,3.0,1.0,4.0,2.0,5.0
277,2397.0,1.0,1.0,1.0,3.0,1.0,1.0,1.0,1.0,1.0
278,2403.0,5.0,5.0,1.0,5.0,5.0,1.0,5.0,1.0,5.0
279,2406.0,1.0,1.0,1.0,1.0,1.0,1.0,1.0,1.0,1.0
280,2410.0,5.0,1.0,1.0,1.0,1.0,1.0,1.0,1.0,5.0
281,2418.0,1.0,1.0,1.0,4.0,1.0,1.0,1.0,1.0,1.0
282,2419.0,1.0,1.0,1.0,4.0,1.0,1.0,1.0,1.0,1.0
283,2421.0,4.0,4.0,3.0,4.0,4.0,4.0,4.0,4.0,1.0
284,2444.0,4.0,4.0,3.0,4.0,1.0,1.0,2.0,1.0,4.0
285,2466.0,2.0,1.0,2.0,5.0,5.0,1.0,3.0,1.0,1.0
286,2475.0,3.0,3.0,3.0,4.0,1.0,3.0,1.0,1.0,1.0
287,2476.0,2.0,4.0,2.0,5.0,1.0,1.0,1.0,1.0,5.0
288,2481.0,1.0,1.0,1.0,3.0,1.0,5.0,1.0,5.0,1.0
289,2485.0,4.0,4.0,1.0,2.0,1.0,2.0,4.0,1.0,3.0
290,2496.0,3.0,4.0,5.0,4.0,1.0,1.0,2.0,1.0,1.0
291,2497.0,1.0,1.0,1.0,3.0,1.0,1.0,1.0,1.0,1.0
292,2502.0,1.0,1.0,1.0,5.0,1.0,2.0,1.0,1.0,1.0
293,2505.0,3.0,1.0,4.0,5.0,1.0,1.0,1.0,1.0,1.0
294,2507.0,1.0,1.0,1.0,3.0,1.0,3.0,1.0,1.0,1.0
295,2513.0,2.0,3.0,4.0,4.0,3.0,1.0,3.0,3.0,4.0
296,2518.0,5.0,3.0,2.0,4.0,1.0,5.0,3.0,1.0,4.0
297,2531.0,3.0,4.0,2.0,2.0,1.0,4.0,2.0,1.0,2.0
298,2540.0,1.0,1.0,1.0,3.0,1.0,5.0,1.0,1.0,1.0
299,2546.0,1.0,1.0,1.0,5.0,1.0,1.0,1.0,1.0,1.0
300,2554.0,5.0,5.0,1.0,5.0,1.0,4.0,5.0,1.0,5.0
301,2556.0,1.0,4.0,4.0,4.0,1.0,2.0,1.0,1.0,1.0
302,2558.0,1.0,1.0,1.0,4.0,1.0,4.0,1.0,1.0,1.0
303,2560.0,,,,,,,,,
304,2565.0,1.0,1.0,1.0,3.0,1.0,1.0,1.0,1.0,1.0
305,2589.0,3.0,4.0,1.0,1.0,1.0,1.0,4.0,5.0,1.0
306,2607.0,2.0,2.0,2.0,2.0,2.0,2.0,2.0,4.0,2.0
307,2627.0,4.0,3.0,2.0,3.0,1.0,3.0,3.0,2.0,1.0
308,2629.0,1.0,1.0,1.0,5.0,1.0,1.0,1.0,1.0,1.0
309,2636.0,1.0,1.0,1.0,5.0,1.0,1.0,1.0,1.0,4.0
310,2660.0,1.0,1.0,1.0,5.0,1.0,2.0,1.0,1.0,1.0
311,2666.0,4.0,4.0,3.0,4.0,2.0,4.0,4.0,1.0,4.0
312,2685.0,1.0,1.0,1.0,5.0,1.0,2.0,1.0,1.0,1.0
313,2686.0,1.0,1.0,5.0,3.0,1.0,1.0,1.0,3.0,1.0
314,2707.0,4.0,5.0,3.0,5.0,1.0,1.0,1.0,1.0,2.0
315,2712.0,4.0,4.0,3.0,4.0,4.0,4.0,4.0,3.0,3.0
316,2727.0,3.0,5.0,4.0,4.0,1.0,2.0,4.0,2.0,3.0
317,2762.0,5.0,5.0,5.0,5.0,5.0,5.0,5.0,5.0,5.0
318,2764.0,1.0,1.0,1.0,2.0,1.0,1.0,1.0,1.0,1.0
319,2770.0,4.0,4.0,3.0,4.0,2.0,4.0,3.0,4.0,4.0
320,2780.0,1.0,1.0,1.0,1.0,1.0,1.0,1.0,1.0,1.0
321,2791.0,1.0,1.0,1.0,4.0,1.0,1.0,1.0,1.0,1.0
322,2793.0,4.0,3.0,1.0,4.0,3.0,1.0,3.0,1.0,4.0
323,2803.0,3.0,4.0,4.0,4.0,1.0,5.0,4.0,1.0,4.0
324,2806.0,1.0,1.0,1.0,1.0,1.0,1.0,1.0,1.0,1.0
325,2817.0,1.0,2.0,3.0,4.0,1.0,1.0,1.0,1.0,1.0
326,2819.0,1.0,1.0,1.0,5.0,5.0,1.0,1.0,1.0,1.0
327,2823.0,1.0,1.0,1.0,3.0,1.0,1.0,1.0,1.0,1.0
328,2829.0,2.0,1.0,3.0,3.0,1.0,1.0,1.0,1.0,2.0
329,2849.0,1.0,1.0,1.0,5.0,1.0,1.0,1.0,1.0,1.0
330,2850.0,5.0,1.0,1.0,1.0,5.0,4.0,1.0,3.0,2.0
331,2862.0,1.0,1.0,1.0,3.0,1.0,1.0,1.0,1.0,1.0
332,2885.0,1.0,1.0,1.0,1.0,1.0,1.0,1.0,1.0,1.0
333,2898.0,1.0,1.0,1.0,1.0,1.0,1.0,1.0,1.0,1.0
334,2914.0,1.0,1.0,1.0,5.0,1.0,1.0,1.0,1.0,1.0
335,2916.0,4.0,4.0,3.0,5.0,1.0,2.0,2.0,2.0,3.0
336,2928.0,5.0,5.0,3.0,5.0,3.0,1.0,5.0,1.0,3.0
337,2935.0,5.0,2.0,4.0,5.0,1.0,1.0,1.0,1.0,1.0
338,2949.0,5.0,3.0,3.0,3.0,1.0,2.0,3.0,1.0,2.0
339,2961.0,1.0,1.0,1.0,1.0,1.0,4.0,1.0,2.0,1.0
340,2966.0,1.0,1.0,1.0,5.0,1.0,1.0,1.0,1.0,1.0
341,2971.0,1.0,1.0,3.0,3.0,1.0,1.0,1.0,1.0,3.0
342,2977.0,5.0,4.0,3.0,3.0,1.0,4.0,3.0,1.0,5.0
343,2980.0,1.0,1.0,3.0,3.0,1.0,1.0,1.0,2.0,1.0
344,3000.0,1.0,1.0,1.0,4.0,1.0,1.0,1.0,1.0,1.0
345,3001.0,1.0,1.0,1.0,5.0,1.0,1.0,1.0,1.0,1.0
346,3006.0,1.0,1.0,1.0,5.0,1.0,1.0,1.0,1.0,1.0
347,3013.0,2.0,2.0,2.0,5.0,1.0,4.0,2.0,4.0,1.0
348,3014.0,1.0,1.0,3.0,5.0,1.0,1.0,1.0,1.0,4.0
349,3035.0,3.0,3.0,2.0,5.0,3.0,4.0,2.0,1.0,1.0
350,3042.0,3.0,3.0,5.0,5.0,3.0,3.0,3.0,2.0,3.0
351,3048.0,,,,,,,,,
352,3051.0,1.0,3.0,1.0,4.0,1.0,1.0,1.0,1.0,1.0
353,3065.0,4.0,3.0,2.0,3.0,3.0,1.0,3.0,1.0,3.0
354,3114.0,2.0,2.0,2.0,3.0,1.0,1.0,1.0,2.0,1.0
355,3142.0,1.0,4.0,2.0,5.0,1.0,1.0,3.0,1.0,4.0
356,3143.0,5.0,5.0,1.0,5.0,1.0,2.0,4.0,1.0,2.0
357,3166.0,1.0,5.0,1.0,5.0,4.0,1.0,2.0,1.0,5.0
358,3175.0,4.0,4.0,3.0,4.0,1.0,1.0,4.0,1.0,4.0
359,3178.0,1.0,1.0,1.0,4.0,4.0,1.0,1.0,1.0,1.0
360,3183.0,3.0,1.0,1.0,4.0,1.0,1.0,1.0,1.0,1.0
361,3214.0,5.0,5.0,5.0,5.0,5.0,5.0,5.0,5.0,5.0
362,3222.0,2.0,4.0,1.0,4.0,4.0,3.0,4.0,1.0,2.0
363,3226.0,1.0,3.0,1.0,5.0,1.0,1.0,1.0,1.0,1.0
364,3238.0,1.0,1.0,1.0,5.0,1.0,1.0,1.0,1.0,1.0
365,3247.0,3.0,3.0,3.0,4.0,3.0,4.0,3.0,2.0,4.0
366,3249.0,4.0,4.0,2.0,5.0,1.0,1.0,4.0,1.0,4.0
367,3278.0,1.0,1.0,1.0,3.0,1.0,3.0,1.0,1.0,1.0
368,3291.0,5.0,4.0,5.0,5.0,5.0,1.0,5.0,1.0,3.0
369,3293.0,1.0,1.0,1.0,1.0,1.0,4.0,1.0,1.0,1.0
370,3307.0,1.0,1.0,1.0,2.0,1.0,1.0,1.0,1.0,1.0
371,3309.0,4.0,4.0,3.0,4.0,3.0,3.0,4.0,3.0,4.0
372,3323.0,1.0,1.0,1.0,5.0,1.0,1.0,1.0,2.0,1.0
373,3326.0,3.0,1.0,2.0,4.0,5.0,2.0,1.0,1.0,4.0
374,3367.0,4.0,4.0,3.0,5.0,1.0,2.0,4.0,2.0,2.0
375,3370.0,1.0,1.0,1.0,1.0,1.0,1.0,1.0,1.0,1.0
376,3416.0,3.0,3.0,3.0,3.0,1.0,3.0,3.0,4.0,3.0
377,3443.0,1.0,4.0,1.0,5.0,1.0,5.0,1.0,1.0,1.0
378,3449.0,5.0,5.0,4.0,4.0,1.0,1.0,2.0,1.0,3.0
379,3459.0,4.0,4.0,4.0,4.0,1.0,1.0,3.0,1.0,3.0
380,3462.0,2.0,3.0,2.0,5.0,1.0,1.0,1.0,1.0,1.0
381,3463.0,5.0,5.0,4.0,2.0,3.0,2.0,4.0,1.0,5.0
382,3465.0,3.0,3.0,3.0,3.0,3.0,3.0,3.0,3.0,3.0
383,3471.0,1.0,1.0,1.0,1.0,1.0,1.0,1.0,1.0,1.0
384,3483.0,5.0,5.0,3.0,5.0,1.0,3.0,5.0,1.0,1.0
385,3499.0,1.0,1.0,1.0,4.0,4.0,2.0,1.0,1.0,1.0
386,3504.0,4.0,5.0,5.0,5.0,5.0,4.0,4.0,5.0,4.0
387,3524.0,1.0,2.0,3.0,4.0,1.0,1.0,1.0,1.0,1.0
388,3535.0,5.0,4.0,3.0,3.0,2.0,1.0,3.0,1.0,4.0
389,3537.0,2.0,3.0,2.0,5.0,2.0,3.0,2.0,3.0,3.0
390,3539.0,2.0,2.0,2.0,5.0,1.0,1.0,1.0,3.0,1.0
391,3562.0,5.0,5.0,5.0,5.0,1.0,1.0,1.0,5.0,3.0
392,3563.0,2.0,1.0,1.0,4.0,2.0,3.0,2.0,2.0,1.0
393,3583.0,,,,,,,,,
394,3596.0,1.0,3.0,3.0,5.0,1.0,1.0,1.0,1.0,1.0
395,3603.0,4.0,4.0,4.0,4.0,1.0,3.0,4.0,3.0,4.0
396,3623.0,1.0,1.0,1.0,3.0,3.0,5.0,1.0,1.0,1.0
397,3630.0,1.0,2.0,3.0,5.0,1.0,1.0,1.0,1.0,1.0
398,3650.0,2.0,2.0,2.0,3.0,1.0,5.0,2.0,3.0,2.0
399,3659.0,1.0,1.0,1.0,5.0,1.0,1.0,1.0,5.0,1.0
400,3660.0,1.0,1.0,1.0,5.0,1.0,1.0,1.0,2.0,1.0
401,3688.0,1.0,2.0,3.0,5.0,1.0,1.0,2.0,1.0,1.0
402,3693.0,5.0,3.0,1.0,4.0,1.0,1.0,2.0,1.0,1.0
403,3710.0,2.0,1.0,2.0,3.0,1.0,1.0,1.0,1.0,4.0
404,3733.0,1.0,1.0,1.0,5.0,1.0,1.0,1.0,1.0,1.0
405,3737.0,1.0,1.0,1.0,5.0,1.0,1.0,1.0,1.0,1.0
406,3763.0,1.0,1.0,1.0,5.0,1.0,1.0,1.0,5.0,1.0
407,3768.0,5.0,3.0,1.0,1.0,3.0,1.0,1.0,1.0,5.0
408,3778.0,2.0,2.0,3.0,4.0,2.0,2.0,3.0,1.0,2.0
409,3810.0,1.0,1.0,1.0,5.0,1.0,1.0,1.0,1.0,1.0
410,3812.0,1.0,1.0,1.0,1.0,1.0,1.0,1.0,1.0,1.0
411,3826.0,5.0,3.0,3.0,3.0,1.0,1.0,3.0,1.0,5.0
412,3827.0,5.0,5.0,1.0,5.0,1.0,1.0,5.0,1.0,5.0
413,3846.0,2.0,2.0,1.0,4.0,1.0,1.0,1.0,1.0,1.0
414,3850.0,1.0,1.0,1.0,1.0,1.0,3.0,1.0,1.0,1.0
415,3851.0,5.0,5.0,3.0,5.0,3.0,3.0,5.0,5.0,5.0
416,3852.0,1.0,1.0,2.0,5.0,1.0,1.0,1.0,1.0,1.0
417,3855.0,1.0,1.0,3.0,3.0,1.0,1.0,1.0,1.0,1.0
418,3868.0,1.0,2.0,2.0,4.0,5.0,1.0,2.0,1.0,1.0
419,3869.0,1.0,1.0,1.0,5.0,1.0,1.0,1.0,1.0,1.0
420,3884.0,5.0,5.0,1.0,5.0,4.0,1.0,5.0,1.0,4.0
421,3893.0,1.0,1.0,1.0,5.0,1.0,1.0,1.0,1.0,2.0
422,3897.0,1.0,1.0,1.0,1.0,1.0,1.0,1.0,1.0,1.0
423,3898.0,4.0,4.0,4.0,4.0,1.0,2.0,4.0,1.0,3.0
424,3909.0,5.0,5.0,4.0,5.0,4.0,3.0,4.0,1.0,3.0
425,3915.0,2.0,2.0,3.0,4.0,1.0,1.0,2.0,2.0,2.0
426,3918.0,2.0,2.0,1.0,2.0,2.0,5.0,2.0,2.0,2.0
427,3925.0,1.0,2.0,1.0,5.0,1.0,1.0,2.0,1.0,1.0
428,3935.0,4.0,4.0,4.0,4.0,3.0,3.0,4.0,3.0,4.0
429,3942.0,3.0,4.0,1.0,5.0,1.0,1.0,2.0,1.0,1.0
430,3954.0,1.0,1.0,1.0,5.0,1.0,1.0,1.0,1.0,2.0
431,3960.0,1.0,1.0,5.0,3.0,1.0,1.0,1.0,1.0,2.0
432,3964.0,1.0,1.0,1.0,4.0,1.0,1.0,1.0,1.0,1.0
433,3984.0,1.0,3.0,3.0,3.0,1.0,4.0,3.0,3.0,1.0
434,3978.0,4.0,2.0,3.0,4.0,1.0,1.0,1.0,1.0,3.0
435,3981.0,4.0,1.0,1.0,5.0,1.0,3.0,1.0,1.0,4.0
436,3995.0,1.0,1.0,1.0,4.0,1.0,1.0,1.0,1.0,1.0
437,3999.0,5.0,4.0,3.0,5.0,1.0,1.0,4.0,1.0,5.0
438,4004.0,2.0,2.0,1.0,4.0,1.0,1.0,2.0,1.0,1.0
439,4014.0,4.0,4.0,3.0,3.0,3.0,3.0,3.0,3.0,4.0
440,4018.0,4.0,5.0,3.0,5.0,4.0,2.0,5.0,1.0,4.0
441,4026.0,3.0,2.0,2.0,3.0,1.0,1.0,2.0,1.0,3.0
442,4066.0,1.0,1.0,4.0,4.0,1.0,1.0,1.0,1.0,1.0
443,4070.0,1.0,1.0,1.0,1.0,1.0,1.0,1.0,1.0,1.0
444,4073.0,2.0,2.0,2.0,3.0,1.0,3.0,2.0,4.0,1.0
445,4074.0,5.0,4.0,2.0,4.0,3.0,3.0,2.0,2.0,5.0
446,4078.0,2.0,3.0,2.0,5.0,1.0,5.0,2.0,5.0,1.0
447,4086.0,1.0,1.0,1.0,2.0,1.0,1.0,1.0,1.0,1.0
448,4088.0,1.0,1.0,1.0,3.0,1.0,1.0,1.0,1.0,1.0
449,4090.0,5.0,5.0,3.0,5.0,5.0,1.0,2.0,1.0,4.0
450,4093.0,3.0,1.0,4.0,4.0,1.0,1.0,1.0,1.0,4.0
451,4096.0,3.0,3.0,3.0,3.0,3.0,3.0,3.0,3.0,3.0
452,4107.0,2.0,1.0,4.0,5.0,5.0,3.0,2.0,1.0,3.0
453,4113.0,5.0,4.0,3.0,5.0,3.0,4.0,2.0,2.0,4.0
454,4117.0,1.0,1.0,1.0,1.0,1.0,1.0,1.0,1.0,1.0
455,4130.0,1.0,1.0,2.0,1.0,1.0,3.0,1.0,1.0,1.0
456,4133.0,1.0,3.0,4.0,5.0,1.0,1.0,1.0,1.0,1.0
457,4140.0,2.0,4.0,3.0,4.0,1.0,2.0,2.0,2.0,2.0
458,4141.0,2.0,3.0,2.0,5.0,1.0,1.0,1.0,3.0,3.0
459,4160.0,3.0,2.0,2.0,2.0,3.0,3.0,2.0,2.0,3.0
460,4164.0,2.0,3.0,2.0,4.0,1.0,2.0,2.0,1.0,3.0
461,4191.0,5.0,5.0,4.0,5.0,1.0,1.0,5.0,1.0,5.0
462,4192.0,5.0,3.0,1.0,3.0,1.0,1.0,1.0,1.0,5.0
463,4209.0,2.0,1.0,2.0,3.0,1.0,3.0,1.0,1.0,1.0
464,4210.0,5.0,5.0,4.0,3.0,1.0,1.0,5.0,1.0,4.0
465,4214.0,5.0,4.0,1.0,5.0,1.0,2.0,4.0,1.0,5.0
466,4247.0,5.0,1.0,1.0,1.0,1.0,1.0,1.0,1.0,2.0
467,4257.0,5.0,5.0,3.0,5.0,4.0,1.0,4.0,1.0,5.0
468,4269.0,5.0,4.0,2.0,3.0,2.0,1.0,2.0,1.0,4.0
469,4276.0,5.0,2.0,1.0,4.0,1.0,1.0,1.0,1.0,3.0
470,4282.0,4.0,1.0,1.0,1.0,1.0,1.0,1.0,1.0,4.0
471,4292.0,4.0,4.0,4.0,4.0,4.0,4.0,4.0,4.0,4.0
472,4301.0,4.0,4.0,3.0,4.0,3.0,3.0,4.0,3.0,4.0
473,4306.0,4.0,3.0,2.0,4.0,2.0,3.0,4.0,3.0,4.0
474,4308.0,4.0,5.0,4.0,5.0,3.0,1.0,4.0,1.0,4.0
475,4319.0,2.0,5.0,2.0,5.0,1.0,3.0,2.0,1.0,4.0
476,4321.0,5.0,3.0,1.0,5.0,1.0,4.0,1.0,1.0,5.0
477,4322.0,2.0,3.0,4.0,2.0,1.0,1.0,1.0,1.0,1.0
478,4341.0,3.0,5.0,4.0,5.0,1.0,2.0,4.0,2.0,5.0
479,4348.0,3.0,1.0,2.0,2.0,1.0,1.0,1.0,1.0,3.0
480,4355.0,2.0,1.0,4.0,3.0,1.0,1.0,2.0,1.0,1.0
481,4357.0,5.0,2.0,1.0,3.0,4.0,1.0,1.0,1.0,3.0
482,4371.0,1.0,1.0,1.0,2.0,1.0,3.0,1.0,1.0,1.0
483,4379.0,2.0,5.0,4.0,4.0,2.0,2.0,4.0,1.0,2.0
484,4387.0,1.0,2.0,3.0,4.0,2.0,1.0,2.0,1.0,2.0
485,4389.0,5.0,5.0,1.0,5.0,1.0,1.0,5.0,1.0,5.0
486,4402.0,3.0,3.0,3.0,3.0,3.0,3.0,3.0,3.0,3.0
487,4409.0,1.0,2.0,1.0,2.0,1.0,1.0,1.0,1.0,4.0
488,4416.0,4.0,3.0,1.0,5.0,1.0,1.0,1.0,1.0,1.0
489,4425.0,3.0,5.0,4.0,5.0,1.0,1.0,3.0,1.0,4.0
490,4435.0,5.0,2.0,1.0,2.0,1.0,1.0,2.0,1.0,4.0
491,4450.0,5.0,5.0,1.0,5.0,1.0,1.0,1.0,1.0,5.0
492,4454.0,3.0,3.0,3.0,3.0,3.0,3.0,3.0,3.0,3.0
493,4457.0,2.0,2.0,3.0,3.0,2.0,3.0,2.0,2.0,2.0
494,4467.0,5.0,5.0,4.0,5.0,3.0,4.0,5.0,4.0,4.0
495,4472.0,2.0,2.0,3.0,3.0,1.0,2.0,3.0,2.0,5.0
496,4484.0,3.0,5.0,5.0,5.0,1.0,3.0,5.0,3.0,1.0
497,4494.0,1.0,1.0,1.0,4.0,1.0,4.0,1.0,1.0,1.0
498,4512.0,1.0,1.0,1.0,2.0,1.0,1.0,1.0,1.0,1.0
499,4520.0,5.0,5.0,5.0,5.0,5.0,1.0,5.0,5.0,5.0
500,4524.0,4.0,4.0,2.0,3.0,1.0,4.0,3.0,1.0,1.0
501,4552.0,2.0,3.0,2.0,2.0,1.0,1.0,2.0,3.0,5.0
502,4565.0,5.0,4.0,1.0,4.0,2.0,1.0,4.0,1.0,5.0
503,4569.0,2.0,3.0,2.0,3.0,5.0,3.0,3.0,3.0,4.0
504,4574.0,3.0,1.0,4.0,5.0,1.0,1.0,1.0,1.0,1.0
505,4575.0,1.0,1.0,1.0,5.0,1.0,1.0,1.0,1.0,4.0
506,4576.0,1.0,1.0,1.0,1.0,1.0,1.0,1.0,1.0,1.0
507,4582.0,5.0,1.0,1.0,1.0,1.0,1.0,1.0,1.0,1.0
508,4584.0,4.0,4.0,4.0,5.0,2.0,1.0,3.0,1.0,4.0
509,4599.0,3.0,2.0,2.0,3.0,2.0,2.0,3.0,3.0,1.0
510,4613.0,1.0,4.0,1.0,5.0,1.0,1.0,2.0,1.0,1.0
511,4615.0,1.0,1.0,5.0,1.0,1.0,1.0,1.0,1.0,4.0
512,4626.0,3.0,3.0,3.0,3.0,3.0,2.0,3.0,1.0,3.0
513,4630.0,2.0,2.0,2.0,2.0,5.0,2.0,2.0,2.0,2.0
514,4637.0,1.0,1.0,1.0,5.0,1.0,1.0,1.0,1.0,1.0
515,4638.0,5.0,3.0,2.0,4.0,1.0,4.0,2.0,1.0,5.0
516,4642.0,3.0,1.0,3.0,5.0,1.0,1.0,1.0,1.0,1.0
517,4652.0,2.0,2.0,2.0,5.0,2.0,3.0,1.0,2.0,2.0
518,4663.0,1.0,1.0,1.0,5.0,1.0,1.0,1.0,5.0,1.0
519,4676.0,1.0,1.0,5.0,3.0,1.0,4.0,1.0,1.0,1.0
520,4683.0,3.0,3.0,3.0,3.0,1.0,2.0,2.0,2.0,3.0
521,4692.0,1.0,2.0,1.0,4.0,1.0,2.0,1.0,1.0,4.0
522,4705.0,3.0,3.0,4.0,3.0,3.0,4.0,3.0,3.0,3.0
523,4707.0,1.0,2.0,2.0,5.0,1.0,1.0,2.0,1.0,1.0
524,4731.0,1.0,1.0,1.0,3.0,1.0,1.0,1.0,1.0,2.0
525,4734.0,1.0,1.0,1.0,5.0,5.0,5.0,1.0,5.0,5.0
526,4737.0,5.0,5.0,1.0,5.0,1.0,1.0,5.0,1.0,5.0
527,4738.0,1.0,2.0,2.0,5.0,5.0,5.0,2.0,1.0,5.0
528,4763.0,3.0,2.0,4.0,5.0,3.0,3.0,1.0,1.0,4.0
529,4765.0,5.0,5.0,1.0,5.0,4.0,1.0,4.0,1.0,5.0
530,4777.0,5.0,4.0,1.0,5.0,4.0,2.0,5.0,1.0,4.0
531,4787.0,4.0,4.0,3.0,4.0,3.0,2.0,3.0,2.0,3.0
532,4793.0,5.0,5.0,1.0,4.0,5.0,4.0,4.0,1.0,5.0
533,4797.0,5.0,5.0,1.0,5.0,1.0,1.0,1.0,1.0,1.0
534,4801.0,5.0,5.0,5.0,5.0,1.0,4.0,4.0,3.0,4.0
535,4804.0,5.0,4.0,1.0,3.0,2.0,1.0,1.0,1.0,5.0
536,4806.0,2.0,1.0,3.0,4.0,1.0,2.0,1.0,1.0,1.0
537,4812.0,3.0,1.0,1.0,5.0,1.0,1.0,1.0,1.0,4.0
538,4822.0,1.0,1.0,3.0,3.0,1.0,1.0,1.0,1.0,1.0
539,4841.0,5.0,3.0,2.0,5.0,1.0,1.0,1.0,1.0,3.0
540,4849.0,4.0,3.0,1.0,3.0,2.0,2.0,1.0,1.0,5.0
541,4852.0,1.0,1.0,1.0,5.0,1.0,5.0,1.0,1.0,1.0
542,4856.0,5.0,3.0,1.0,4.0,1.0,1.0,1.0,1.0,3.0
543,4864.0,3.0,1.0,1.0,4.0,1.0,3.0,1.0,1.0,5.0
544,4865.0,5.0,4.0,2.0,3.0,1.0,2.0,1.0,1.0,4.0
545,4881.0,1.0,2.0,1.0,2.0,1.0,1.0,1.0,1.0,3.0
546,4883.0,4.0,4.0,4.0,5.0,4.0,4.0,3.0,2.0,2.0
547,4904.0,3.0,3.0,3.0,4.0,4.0,3.0,4.0,3.0,4.0
548,4913.0,5.0,4.0,5.0,5.0,2.0,3.0,5.0,1.0,2.0
549,4939.0,1.0,1.0,1.0,5.0,1.0,1.0,1.0,3.0,1.0
550,4941.0,2.0,1.0,3.0,5.0,1.0,4.0,3.0,3.0,2.0
551,4964.0,1.0,1.0,1.0,5.0,1.0,1.0,1.0,1.0,1.0
552,4979.0,1.0,1.0,1.0,3.0,4.0,1.0,1.0,1.0,2.0
553,4991.0,1.0,1.0,1.0,1.0,1.0,5.0,1.0,1.0,1.0
554,4992.0,5.0,5.0,2.0,4.0,4.0,1.0,4.0,1.0,3.0
555,5002.0,5.0,3.0,1.0,2.0,1.0,1.0,1.0,1.0,5.0
556,5006.0,5.0,1.0,1.0,3.0,1.0,1.0,1.0,1.0,4.0
557,5010.0,1.0,2.0,1.0,3.0,1.0,4.0,1.0,4.0,1.0
558,5017.0,4.0,3.0,3.0,3.0,2.0,1.0,1.0,1.0,3.0
559,5025.0,4.0,2.0,4.0,4.0,1.0,3.0,2.0,1.0,4.0
560,5035.0,1.0,1.0,4.0,5.0,1.0,1.0,1.0,1.0,3.0
561,5037.0,2.0,2.0,2.0,3.0,2.0,3.0,2.0,3.0,2.0
562,5061.0,5.0,5.0,3.0,5.0,1.0,1.0,3.0,1.0,5.0
563,5066.0,3.0,2.0,3.0,5.0,3.0,2.0,1.0,2.0,4.0
564,5067.0,1.0,2.0,1.0,2.0,1.0,1.0,1.0,1.0,3.0
565,5070.0,3.0,1.0,1.0,5.0,1.0,1.0,1.0,1.0,3.0
566,5075.0,1.0,1.0,3.0,4.0,3.0,1.0,1.0,1.0,1.0
567,5084.0,4.0,3.0,4.0,5.0,1.0,1.0,1.0,1.0,2.0
568,5099.0,5.0,5.0,1.0,5.0,5.0,1.0,5.0,1.0,5.0
569,5101.0,5.0,5.0,3.0,5.0,1.0,3.0,3.0,1.0,5.0
570,5115.0,2.0,1.0,1.0,4.0,1.0,4.0,2.0,4.0,5.0
571,5123.0,4.0,2.0,2.0,1.0,1.0,2.0,1.0,1.0,1.0
572,5134.0,4.0,4.0,2.0,3.0,3.0,1.0,3.0,1.0,3.0
573,5136.0,5.0,5.0,2.0,2.0,1.0,2.0,1.0,1.0,5.0
574,5137.0,1.0,1.0,1.0,3.0,3.0,1.0,1.0,1.0,3.0
575,5138.0,2.0,2.0,3.0,3.0,3.0,3.0,2.0,2.0,3.0
576,5140.0,1.0,1.0,1.0,1.0,1.0,1.0,1.0,1.0,1.0
577,5166.0,2.0,3.0,3.0,3.0,2.0,2.0,2.0,2.0,2.0
578,5167.0,2.0,4.0,4.0,3.0,1.0,2.0,4.0,1.0,3.0
579,5168.0,2.0,2.0,1.0,1.0,1.0,1.0,1.0,1.0,5.0
580,5182.0,4.0,4.0,1.0,5.0,1.0,4.0,4.0,2.0,2.0
581,5191.0,1.0,1.0,1.0,4.0,1.0,1.0,1.0,1.0,1.0
582,5193.0,1.0,3.0,3.0,5.0,1.0,1.0,1.0,1.0,1.0
583,5198.0,1.0,1.0,1.0,3.0,1.0,5.0,1.0,1.0,1.0
584,5204.0,1.0,1.0,2.0,4.0,1.0,1.0,1.0,1.0,4.0
585,5209.0,1.0,1.0,1.0,1.0,5.0,1.0,1.0,1.0,1.0
586,5211.0,1.0,1.0,1.0,2.0,1.0,4.0,1.0,1.0,1.0
587,5238.0,1.0,1.0,1.0,4.0,1.0,1.0,1.0,1.0,1.0
588,5240.0,5.0,5.0,5.0,5.0,4.0,2.0,5.0,3.0,3.0
589,5250.0,4.0,4.0,2.0,3.0,4.0,4.0,2.0,4.0,4.0
590,5258.0,3.0,3.0,3.0,3.0,2.0,5.0,3.0,3.0,3.0
591,5260.0,1.0,1.0,1.0,1.0,1.0,1.0,1.0,1.0,1.0
592,5272.0,1.0,2.0,1.0,5.0,1.0,1.0,1.0,3.0,2.0
593,5273.0,1.0,1.0,1.0,1.0,1.0,5.0,1.0,1.0,1.0
594,5281.0,2.0,2.0,2.0,3.0,3.0,4.0,2.0,3.0,2.0
595,5291.0,3.0,2.0,2.0,1.0,4.0,3.0,2.0,4.0,3.0
596,5297.0,1.0,1.0,1.0,3.0,1.0,1.0,1.0,1.0,1.0
597,5311.0,1.0,1.0,1.0,5.0,5.0,1.0,1.0,1.0,1.0
598,5312.0,1.0,1.0,1.0,2.0,4.0,1.0,1.0,1.0,3.0
599,5321.0,1.0,1.0,1.0,2.0,5.0,1.0,1.0,1.0,1.0
600,5324.0,1.0,2.0,3.0,3.0,1.0,2.0,1.0,1.0,1.0
601,5335.0,5.0,5.0,3.0,3.0,1.0,2.0,4.0,1.0,5.0
602,5352.0,4.0,3.0,2.0,3.0,2.0,3.0,2.0,3.0,3.0
603,5369.0,4.0,4.0,2.0,4.0,1.0,3.0,3.0,2.0,4.0
604,5392.0,5.0,3.0,1.0,3.0,1.0,1.0,2.0,2.0,3.0
605,5395.0,5.0,2.0,2.0,3.0,1.0,1.0,2.0,1.0,5.0
606,5400.0,1.0,2.0,1.0,5.0,1.0,1.0,3.0,1.0,4.0
607,5402.0,1.0,3.0,3.0,5.0,3.0,1.0,2.0,1.0,1.0
608,5404.0,3.0,4.0,3.0,5.0,1.0,4.0,4.0,3.0,4.0
609,5420.0,4.0,3.0,3.0,4.0,1.0,2.0,3.0,2.0,4.0
610,5422.0,1.0,1.0,3.0,4.0,1.0,1.0,1.0,1.0,4.0
611,5428.0,5.0,3.0,1.0,4.0,1.0,1.0,1.0,1.0,5.0
612,5437.0,1.0,1.0,5.0,1.0,1.0,1.0,1.0,1.0,1.0
613,5449.0,3.0,3.0,1.0,2.0,1.0,1.0,1.0,1.0,5.0
614,5453.0,4.0,4.0,2.0,5.0,1.0,2.0,2.0,2.0,3.0
615,5480.0,2.0,2.0,2.0,4.0,1.0,1.0,3.0,1.0,1.0
616,5483.0,2.0,3.0,4.0,4.0,4.0,3.0,3.0,3.0,2.0
617,5503.0,1.0,2.0,3.0,3.0,1.0,5.0,1.0,1.0,1.0
618,5506.0,5.0,5.0,3.0,3.0,1.0,3.0,1.0,3.0,5.0
619,5514.0,1.0,1.0,1.0,1.0,1.0,1.0,1.0,1.0,1.0
620,5516.0,4.0,4.0,5.0,3.0,4.0,3.0,3.0,3.0,4.0
621,5522.0,5.0,5.0,3.0,4.0,2.0,3.0,2.0,2.0,5.0
622,5523.0,2.0,2.0,1.0,3.0,1.0,1.0,1.0,1.0,3.0
623,5541.0,5.0,4.0,1.0,4.0,1.0,2.0,1.0,3.0,2.0
624,5556.0,3.0,3.0,1.0,3.0,1.0,1.0,1.0,1.0,1.0
625,5564.0,4.0,4.0,2.0,5.0,2.0,1.0,1.0,1.0,5.0
626,5565.0,1.0,1.0,4.0,2.0,1.0,1.0,1.0,1.0,1.0
627,5582.0,5.0,1.0,1.0,5.0,1.0,1.0,2.0,1.0,4.0
628,5598.0,5.0,3.0,2.0,4.0,1.0,1.0,2.0,1.0,5.0
629,5607.0,5.0,5.0,1.0,4.0,5.0,1.0,2.0,1.0,5.0
630,5611.0,4.0,4.0,3.0,4.0,1.0,3.0,4.0,3.0,2.0
631,5613.0,1.0,1.0,1.0,4.0,1.0,1.0,1.0,1.0,5.0
632,5620.0,1.0,5.0,3.0,3.0,3.0,1.0,4.0,1.0,1.0
633,5639.0,1.0,1.0,1.0,1.0,1.0,1.0,1.0,1.0,3.0
634,5643.0,4.0,3.0,3.0,4.0,3.0,3.0,2.0,1.0,4.0
635,5646.0,5.0,4.0,1.0,4.0,5.0,1.0,2.0,1.0,5.0
636,5648.0,4.0,4.0,4.0,4.0,1.0,1.0,4.0,2.0,4.0
637,5649.0,1.0,1.0,4.0,5.0,1.0,3.0,1.0,3.0,2.0
638,5650.0,1.0,1.0,1.0,5.0,1.0,1.0,1.0,1.0,1.0
639,5663.0,1.0,1.0,1.0,1.0,1.0,5.0,1.0,1.0,1.0
640,5674.0,4.0,2.0,4.0,2.0,3.0,4.0,4.0,4.0,2.0
641,5677.0,1.0,1.0,1.0,1.0,1.0,1.0,1.0,1.0,1.0
642,5690.0,1.0,1.0,1.0,3.0,1.0,1.0,1.0,2.0,3.0
643,5691.0,1.0,5.0,1.0,4.0,1.0,1.0,1.0,2.0,1.0
644,5693.0,3.0,3.0,3.0,3.0,3.0,3.0,2.0,3.0,1.0
645,5694.0,4.0,3.0,3.0,4.0,1.0,3.0,2.0,1.0,3.0
646,5708.0,2.0,1.0,1.0,5.0,1.0,3.0,1.0,1.0,3.0
647,5711.0,2.0,3.0,3.0,2.0,3.0,4.0,3.0,1.0,1.0
648,5722.0,3.0,3.0,3.0,3.0,1.0,1.0,4.0,1.0,5.0
649,5729.0,5.0,5.0,3.0,5.0,3.0,3.0,3.0,3.0,3.0
650,5731.0,5.0,5.0,1.0,3.0,1.0,3.0,3.0,1.0,4.0
651,5737.0,5.0,5.0,1.0,2.0,2.0,1.0,1.0,1.0,5.0
652,5741.0,4.0,4.0,3.0,5.0,5.0,4.0,5.0,5.0,5.0
653,5763.0,2.0,2.0,1.0,5.0,1.0,2.0,2.0,1.0,5.0
654,5779.0,5.0,1.0,1.0,2.0,1.0,4.0,1.0,1.0,1.0
655,5795.0,5.0,3.0,3.0,2.0,1.0,1.0,5.0,1.0,5.0
656,5805.0,1.0,1.0,1.0,1.0,5.0,1.0,1.0,1.0,1.0
657,5830.0,2.0,3.0,3.0,5.0,1.0,4.0,3.0,1.0,3.0
658,5848.0,1.0,1.0,1.0,1.0,1.0,1.0,1.0,1.0,1.0
659,5849.0,2.0,2.0,2.0,5.0,2.0,2.0,2.0,2.0,2.0
660,5850.0,5.0,3.0,3.0,5.0,2.0,2.0,3.0,1.0,5.0
661,5852.0,1.0,1.0,1.0,5.0,1.0,1.0,1.0,1.0,3.0
662,5856.0,1.0,5.0,5.0,2.0,1.0,1.0,4.0,1.0,1.0
663,5862.0,3.0,1.0,2.0,4.0,1.0,2.0,2.0,1.0,2.0
664,5865.0,1.0,1.0,1.0,3.0,1.0,1.0,1.0,1.0,1.0
665,5879.0,1.0,1.0,1.0,3.0,1.0,1.0,1.0,1.0,1.0
666,5883.0,5.0,2.0,2.0,2.0,2.0,2.0,2.0,1.0,4.0
667,5884.0,1.0,1.0,1.0,1.0,1.0,3.0,1.0,1.0,1.0
668,5885.0,5.0,4.0,2.0,4.0,4.0,3.0,4.0,2.0,5.0
669,5888.0,4.0,4.0,5.0,4.0,4.0,4.0,4.0,4.0,4.0
670,5895.0,2.0,5.0,2.0,5.0,2.0,2.0,2.0,1.0,2.0
671,5908.0,5.0,4.0,2.0,2.0,1.0,1.0,2.0,1.0,2.0
672,5927.0,2.0,3.0,3.0,2.0,3.0,1.0,1.0,1.0,2.0
673,5937.0,5.0,3.0,2.0,1.0,3.0,1.0,1.0,1.0,4.0
674,5942.0,1.0,1.0,1.0,1.0,1.0,1.0,1.0,1.0,1.0
675,5970.0,1.0,1.0,1.0,5.0,1.0,3.0,1.0,1.0,1.0
676,5971.0,3.0,3.0,3.0,5.0,3.0,2.0,3.0,3.0,3.0
677,5979.0,5.0,1.0,1.0,1.0,1.0,1.0,1.0,1.0,1.0
678,5988.0,3.0,3.0,3.0,3.0,3.0,3.0,3.0,3.0,3.0
679,5989.0,3.0,3.0,4.0,5.0,1.0,3.0,3.0,1.0,4.0
680,5998.0,4.0,1.0,4.0,5.0,1.0,1.0,1.0,1.0,1.0
681,6007.0,1.0,1.0,1.0,5.0,1.0,1.0,1.0,1.0,1.0
682,6020.0,5.0,5.0,4.0,5.0,1.0,2.0,2.0,2.0,4.0
683,6024.0,2.0,1.0,2.0,4.0,1.0,1.0,1.0,1.0,3.0
684,6039.0,4.0,4.0,2.0,4.0,1.0,1.0,3.0,2.0,1.0
685,6048.0,4.0,4.0,5.0,4.0,1.0,1.0,2.0,1.0,2.0
686,6056.0,4.0,4.0,3.0,4.0,4.0,4.0,3.0,3.0,3.0
687,6063.0,1.0,1.0,3.0,4.0,1.0,1.0,1.0,3.0,3.0
688,6065.0,2.0,3.0,1.0,4.0,1.0,2.0,1.0,1.0,2.0
689,6086.0,1.0,2.0,1.0,3.0,1.0,1.0,1.0,1.0,1.0
690,6089.0,1.0,4.0,4.0,3.0,1.0,4.0,1.0,2.0,2.0
691,6091.0,5.0,4.0,4.0,5.0,2.0,3.0,3.0,1.0,4.0
692,6108.0,5.0,5.0,3.0,4.0,1.0,2.0,4.0,1.0,5.0
693,6127.0,2.0,4.0,3.0,4.0,1.0,5.0,1.0,5.0,1.0
694,6130.0,4.0,5.0,3.0,4.0,4.0,4.0,4.0,5.0,5.0
695,6136.0,2.0,4.0,5.0,5.0,1.0,4.0,2.0,2.0,2.0
696,6150.0,5.0,1.0,1.0,3.0,1.0,1.0,1.0,1.0,5.0
697,6151.0,1.0,1.0,1.0,1.0,1.0,1.0,1.0,1.0,1.0
698,6175.0,4.0,4.0,3.0,4.0,3.0,3.0,3.0,3.0,4.0
699,6176.0,1.0,1.0,1.0,3.0,1.0,1.0,1.0,1.0,1.0
700,6177.0,3.0,4.0,4.0,4.0,1.0,2.0,3.0,2.0,3.0
701,6188.0,1.0,1.0,1.0,2.0,4.0,1.0,1.0,1.0,1.0
702,6198.0,1.0,1.0,1.0,4.0,1.0,1.0,1.0,1.0,4.0
703,6211.0,1.0,1.0,1.0,2.0,1.0,1.0,1.0,1.0,1.0
704,6213.0,2.0,2.0,5.0,5.0,1.0,1.0,1.0,1.0,1.0
705,6220.0,2.0,1.0,3.0,3.0,1.0,1.0,2.0,1.0,3.0
706,6236.0,5.0,3.0,2.0,3.0,1.0,1.0,2.0,2.0,4.0
707,6240.0,1.0,1.0,1.0,1.0,1.0,2.0,1.0,1.0,1.0
708,6252.0,1.0,1.0,1.0,1.0,1.0,1.0,1.0,1.0,1.0
709,6253.0,1.0,1.0,2.0,3.0,1.0,2.0,1.0,1.0,1.0
710,6254.0,2.0,3.0,1.0,4.0,1.0,2.0,1.0,1.0,2.0
711,6259.0,4.0,3.0,2.0,4.0,1.0,1.0,2.0,1.0,4.0
712,6261.0,1.0,1.0,2.0,2.0,1.0,1.0,1.0,1.0,5.0
713,6263.0,2.0,2.0,5.0,3.0,1.0,1.0,1.0,1.0,1.0
714,6266.0,3.0,1.0,1.0,3.0,1.0,1.0,1.0,1.0,1.0
715,6269.0,3.0,4.0,3.0,4.0,1.0,4.0,4.0,2.0,5.0
716,6284.0,4.0,5.0,3.0,4.0,4.0,4.0,5.0,1.0,4.0
717,6286.0,5.0,4.0,5.0,5.0,4.0,1.0,5.0,2.0,5.0
718,6299.0,5.0,1.0,1.0,4.0,1.0,1.0,1.0,1.0,5.0
719,6300.0,3.0,3.0,3.0,5.0,1.0,1.0,1.0,1.0,2.0
720,6301.0,5.0,3.0,2.0,4.0,4.0,1.0,3.0,2.0,5.0
721,6304.0,1.0,1.0,1.0,4.0,1.0,1.0,1.0,1.0,1.0
722,6308.0,1.0,1.0,1.0,2.0,1.0,3.0,1.0,3.0,1.0
723,6318.0,2.0,3.0,4.0,5.0,2.0,3.0,2.0,1.0,3.0
724,6327.0,3.0,4.0,3.0,4.0,1.0,2.0,3.0,3.0,3.0
725,6328.0,4.0,4.0,2.0,3.0,1.0,1.0,4.0,1.0,3.0
726,6330.0,1.0,2.0,3.0,4.0,2.0,1.0,2.0,1.0,1.0
727,6331.0,1.0,1.0,3.0,2.0,1.0,1.0,1.0,1.0,1.0
728,6343.0,5.0,5.0,3.0,5.0,3.0,5.0,5.0,3.0,5.0
729,6347.0,3.0,4.0,2.0,5.0,1.0,1.0,2.0,1.0,4.0
730,6354.0,3.0,1.0,1.0,5.0,1.0,1.0,1.0,1.0,4.0
731,6355.0,5.0,4.0,5.0,5.0,5.0,1.0,5.0,1.0,5.0
732,6356.0,2.0,3.0,3.0,2.0,1.0,1.0,2.0,1.0,5.0
733,6359.0,1.0,1.0,1.0,1.0,1.0,1.0,1.0,1.0,5.0
734,6380.0,1.0,1.0,2.0,4.0,1.0,1.0,1.0,2.0,1.0
735,6402.0,1.0,1.0,2.0,1.0,1.0,1.0,1.0,1.0,1.0
736,6413.0,2.0,2.0,1.0,2.0,1.0,2.0,3.0,3.0,2.0
737,6417.0,3.0,4.0,4.0,5.0,4.0,1.0,2.0,1.0,4.0
738,6419.0,3.0,2.0,3.0,4.0,1.0,2.0,2.0,4.0,1.0
739,6443.0,1.0,1.0,1.0,3.0,1.0,2.0,1.0,1.0,2.0
740,6444.0,2.0,2.0,2.0,4.0,2.0,2.0,2.0,2.0,2.0
741,6472.0,1.0,1.0,5.0,5.0,1.0,1.0,1.0,1.0,1.0
742,6481.0,5.0,4.0,1.0,2.0,1.0,1.0,4.0,4.0,4.0
743,6493.0,5.0,3.0,1.0,3.0,1.0,4.0,3.0,1.0,5.0
744,6496.0,3.0,4.0,1.0,5.0,1.0,1.0,1.0,1.0,5.0
745,6510.0,1.0,1.0,1.0,1.0,1.0,1.0,1.0,1.0,3.0
746,6515.0,3.0,1.0,1.0,2.0,1.0,2.0,1.0,1.0,5.0
747,6527.0,1.0,1.0,1.0,3.0,1.0,1.0,1.0,1.0,1.0
748,6533.0,3.0,3.0,3.0,4.0,1.0,4.0,2.0,3.0,1.0
749,6535.0,1.0,1.0,1.0,4.0,1.0,1.0,1.0,2.0,1.0
750,6565.0,1.0,3.0,2.0,3.0,4.0,2.0,2.0,3.0,1.0
751,6570.0,3.0,1.0,1.0,1.0,4.0,4.0,2.0,1.0,1.0
752,6578.0,4.0,1.0,2.0,2.0,1.0,1.0,1.0,1.0,1.0
753,6579.0,4.0,5.0,5.0,5.0,5.0,1.0,5.0,1.0,5.0
754,6593.0,1.0,1.0,1.0,3.0,1.0,1.0,1.0,1.0,2.0
755,6603.0,1.0,2.0,1.0,3.0,1.0,2.0,1.0,1.0,1.0
756,6606.0,3.0,5.0,5.0,5.0,1.0,3.0,1.0,5.0,5.0
757,6619.0,5.0,4.0,2.0,3.0,1.0,1.0,5.0,1.0,5.0
758,6629.0,3.0,1.0,1.0,3.0,1.0,1.0,1.0,1.0,2.0
759,6657.0,1.0,1.0,3.0,1.0,1.0,1.0,1.0,3.0,1.0
760,6697.0,4.0,2.0,2.0,3.0,1.0,1.0,1.0,1.0,2.0
761,6710.0,1.0,2.0,5.0,5.0,1.0,2.0,1.0,1.0,1.0
762,6737.0,3.0,2.0,3.0,4.0,1.0,2.0,2.0,1.0,2.0
763,6739.0,3.0,4.0,3.0,5.0,2.0,1.0,3.0,1.0,5.0
764,6750.0,4.0,1.0,4.0,4.0,1.0,1.0,1.0,1.0,1.0
765,6754.0,4.0,5.0,2.0,5.0,2.0,1.0,4.0,1.0,3.0
766,6760.0,5.0,5.0,2.0,3.0,1.0,1.0,1.0,1.0,3.0
767,6765.0,5.0,5.0,2.0,4.0,1.0,2.0,4.0,1.0,3.0
768,6771.0,1.0,2.0,2.0,4.0,1.0,1.0,1.0,1.0,1.0
769,6796.0,4.0,4.0,4.0,4.0,4.0,4.0,4.0,4.0,4.0
770,6799.0,3.0,4.0,4.0,4.0,1.0,2.0,3.0,1.0,2.0
771,6814.0,3.0,2.0,2.0,3.0,1.0,1.0,3.0,1.0,2.0
772,6824.0,2.0,1.0,3.0,4.0,1.0,3.0,1.0,1.0,1.0
773,6830.0,1.0,1.0,1.0,3.0,1.0,1.0,1.0,1.0,1.0
774,6831.0,1.0,1.0,4.0,4.0,1.0,1.0,1.0,1.0,1.0
775,6833.0,1.0,2.0,4.0,3.0,1.0,1.0,1.0,3.0,1.0
776,6835.0,1.0,1.0,1.0,1.0,1.0,4.0,1.0,1.0,1.0
777,6843.0,1.0,1.0,2.0,4.0,1.0,3.0,2.0,2.0,1.0
778,6849.0,1.0,1.0,1.0,1.0,1.0,5.0,1.0,1.0,1.0
779,6852.0,1.0,3.0,5.0,4.0,1.0,1.0,1.0,1.0,1.0
780,6857.0,3.0,3.0,4.0,3.0,1.0,2.0,3.0,1.0,2.0
781,6864.0,1.0,1.0,1.0,1.0,1.0,1.0,1.0,1.0,1.0
782,6867.0,3.0,3.0,2.0,4.0,4.0,3.0,2.0,2.0,4.0
783,6869.0,1.0,1.0,1.0,2.0,1.0,1.0,1.0,3.0,1.0
784,6882.0,1.0,1.0,1.0,1.0,5.0,1.0,1.0,1.0,1.0
785,6883.0,1.0,1.0,1.0,1.0,1.0,1.0,1.0,5.0,1.0
786,6907.0,4.0,3.0,3.0,3.0,1.0,2.0,4.0,1.0,4.0
787,6920.0,4.0,2.0,2.0,2.0,1.0,1.0,1.0,1.0,4.0
788,6924.0,5.0,5.0,5.0,5.0,5.0,5.0,5.0,5.0,5.0
789,6956.0,5.0,5.0,1.0,5.0,1.0,1.0,1.0,1.0,2.0
790,6959.0,1.0,1.0,3.0,5.0,1.0,1.0,1.0,1.0,2.0
791,6967.0,2.0,1.0,1.0,4.0,1.0,2.0,1.0,1.0,3.0
792,6971.0,3.0,1.0,4.0,4.0,1.0,5.0,1.0,1.0,1.0
793,6976.0,4.0,4.0,2.0,4.0,1.0,3.0,1.0,1.0,4.0
794,6977.0,3.0,3.0,1.0,5.0,5.0,1.0,1.0,1.0,1.0
795,6980.0,3.0,2.0,3.0,5.0,3.0,2.0,3.0,4.0,3.0
796,6994.0,5.0,5.0,5.0,5.0,1.0,1.0,4.0,1.0,5.0
797,7002.0,5.0,4.0,3.0,4.0,1.0,3.0,3.0,3.0,5.0
798,7004.0,3.0,5.0,2.0,5.0,1.0,3.0,3.0,2.0,4.0
799,7022.0,3.0,2.0,2.0,5.0,2.0,3.0,2.0,1.0,2.0
800,7025.0,2.0,2.0,3.0,3.0,1.0,1.0,2.0,1.0,5.0
801,7033.0,1.0,1.0,1.0,5.0,1.0,1.0,1.0,1.0,3.0
802,7043.0,1.0,1.0,1.0,4.0,1.0,1.0,1.0,1.0,1.0
803,7070.0,1.0,1.0,1.0,4.0,5.0,1.0,1.0,1.0,1.0
804,7078.0,4.0,1.0,5.0,4.0,1.0,4.0,4.0,2.0,4.0
805,7088.0,1.0,1.0,1.0,1.0,1.0,1.0,1.0,1.0,2.0
806,7100.0,5.0,1.0,1.0,3.0,1.0,1.0,2.0,1.0,5.0
807,7101.0,5.0,4.0,1.0,1.0,1.0,4.0,5.0,4.0,5.0
808,7103.0,2.0,4.0,3.0,5.0,1.0,1.0,5.0,1.0,2.0
809,7124.0,1.0,3.0,1.0,3.0,1.0,1.0,1.0,1.0,3.0
810,7129.0,5.0,5.0,2.0,3.0,1.0,1.0,3.0,1.0,3.0
811,7145.0,3.0,4.0,2.0,5.0,1.0,1.0,2.0,1.0,2.0
812,7146.0,2.0,1.0,1.0,3.0,1.0,4.0,1.0,1.0,1.0
813,7149.0,4.0,4.0,4.0,4.0,4.0,4.0,4.0,4.0,4.0
814,7154.0,5.0,4.0,1.0,1.0,1.0,1.0,1.0,1.0,1.0
815,7167.0,1.0,2.0,2.0,4.0,3.0,2.0,2.0,2.0,2.0
816,7169.0,4.0,3.0,1.0,3.0,1.0,1.0,1.0,1.0,4.0
817,7188.0,1.0,1.0,2.0,3.0,1.0,1.0,1.0,1.0,4.0
818,7198.0,5.0,4.0,3.0,4.0,3.0,1.0,3.0,2.0,5.0
819,7204.0,2.0,3.0,3.0,5.0,5.0,4.0,2.0,4.0,4.0
820,7205.0,1.0,2.0,1.0,4.0,3.0,4.0,1.0,1.0,1.0
821,7211.0,4.0,3.0,4.0,3.0,3.0,3.0,4.0,3.0,2.0
822,7218.0,5.0,3.0,3.0,5.0,5.0,5.0,4.0,4.0,4.0
823,7224.0,5.0,4.0,1.0,1.0,1.0,3.0,2.0,2.0,4.0
824,7255.0,2.0,1.0,3.0,4.0,1.0,2.0,1.0,2.0,1.0
825,7256.0,5.0,4.0,1.0,2.0,3.0,1.0,4.0,2.0,4.0
826,7261.0,2.0,2.0,2.0,3.0,1.0,1.0,1.0,1.0,3.0
827,7267.0,1.0,1.0,1.0,4.0,1.0,1.0,1.0,1.0,1.0
828,7277.0,2.0,2.0,3.0,5.0,1.0,1.0,1.0,1.0,1.0
829,7283.0,2.0,2.0,4.0,4.0,2.0,3.0,3.0,1.0,1.0
830,7285.0,1.0,1.0,1.0,5.0,1.0,2.0,1.0,1.0,1.0
831,7286.0,1.0,2.0,1.0,2.0,1.0,1.0,2.0,1.0,1.0
832,7308.0,2.0,3.0,1.0,4.0,1.0,1.0,1.0,1.0,1.0
833,7321.0,5.0,3.0,4.0,5.0,1.0,1.0,3.0,1.0,4.0
834,7336.0,1.0,1.0,1.0,2.0,1.0,2.0,1.0,1.0,1.0
835,7348.0,4.0,4.0,1.0,4.0,1.0,1.0,3.0,1.0,2.0
836,7352.0,2.0,3.0,2.0,3.0,3.0,2.0,3.0,2.0,3.0
837,7353.0,1.0,1.0,2.0,3.0,5.0,4.0,1.0,1.0,1.0
838,7366.0,1.0,2.0,2.0,4.0,1.0,1.0,1.0,1.0,1.0
839,7379.0,2.0,4.0,4.0,5.0,1.0,3.0,1.0,1.0,3.0
840,7402.0,4.0,4.0,3.0,4.0,1.0,3.0,1.0,1.0,3.0
841,7408.0,1.0,2.0,1.0,4.0,1.0,1.0,1.0,1.0,1.0
842,7429.0,1.0,1.0,1.0,1.0,1.0,1.0,1.0,1.0,1.0
843,7445.0,2.0,3.0,3.0,4.0,2.0,3.0,3.0,3.0,2.0
844,7450.0,3.0,5.0,1.0,4.0,1.0,1.0,5.0,1.0,1.0
845,7455.0,1.0,1.0,1.0,1.0,5.0,1.0,1.0,1.0,1.0
846,7457.0,1.0,1.0,1.0,5.0,1.0,3.0,1.0,1.0,1.0
847,7465.0,1.0,1.0,4.0,1.0,1.0,1.0,1.0,1.0,1.0
848,7475.0,5.0,1.0,2.0,5.0,3.0,1.0,1.0,1.0,1.0
849,7478.0,2.0,2.0,2.0,3.0,1.0,1.0,2.0,2.0,2.0
850,7482.0,1.0,2.0,3.0,4.0,1.0,2.0,3.0,2.0,1.0
851,7490.0,1.0,1.0,1.0,5.0,1.0,1.0,1.0,1.0,1.0
852,7492.0,5.0,3.0,1.0,3.0,2.0,1.0,1.0,1.0,3.0
853,7520.0,5.0,1.0,5.0,3.0,1.0,1.0,1.0,1.0,1.0
854,7524.0,2.0,3.0,1.0,5.0,3.0,2.0,2.0,1.0,2.0
855,7591.0,2.0,2.0,1.0,5.0,1.0,1.0,2.0,1.0,4.0
856,7610.0,1.0,2.0,1.0,5.0,1.0,1.0,1.0,3.0,1.0
857,7616.0,1.0,4.0,5.0,4.0,1.0,1.0,1.0,1.0,4.0
858,7618.0,2.0,2.0,4.0,2.0,2.0,2.0,2.0,2.0,2.0
859,7620.0,1.0,1.0,1.0,1.0,5.0,3.0,1.0,2.0,1.0
860,7625.0,3.0,3.0,4.0,5.0,1.0,2.0,1.0,4.0,3.0
861,7632.0,1.0,1.0,1.0,4.0,1.0,1.0,1.0,2.0,1.0
862,7641.0,2.0,2.0,1.0,2.0,1.0,1.0,1.0,1.0,2.0
863,7655.0,5.0,2.0,3.0,2.0,4.0,5.0,4.0,5.0,5.0
864,7661.0,5.0,4.0,5.0,5.0,1.0,1.0,2.0,1.0,4.0
865,7662.0,3.0,3.0,3.0,3.0,1.0,2.0,3.0,3.0,4.0
866,7671.0,3.0,3.0,1.0,4.0,1.0,1.0,1.0,1.0,3.0
867,7672.0,3.0,3.0,4.0,5.0,3.0,1.0,3.0,1.0,3.0
868,7680.0,1.0,1.0,1.0,5.0,2.0,1.0,1.0,1.0,1.0
869,7682.0,2.0,3.0,2.0,5.0,1.0,1.0,2.0,1.0,1.0
870,7685.0,1.0,1.0,4.0,3.0,1.0,1.0,1.0,1.0,1.0
871,7689.0,3.0,3.0,2.0,4.0,2.0,2.0,2.0,3.0,2.0
872,7698.0,1.0,1.0,1.0,4.0,1.0,5.0,1.0,1.0,1.0
873,7701.0,2.0,1.0,2.0,4.0,1.0,1.0,1.0,1.0,1.0
874,7716.0,4.0,4.0,3.0,4.0,1.0,1.0,2.0,1.0,3.0
875,7724.0,3.0,4.0,4.0,4.0,1.0,3.0,5.0,4.0,4.0
876,7736.0,2.0,3.0,2.0,4.0,2.0,1.0,3.0,1.0,2.0
877,7741.0,5.0,5.0,4.0,4.0,4.0,1.0,3.0,1.0,3.0
878,7745.0,1.0,1.0,1.0,1.0,2.0,2.0,1.0,1.0,1.0
879,7755.0,5.0,5.0,3.0,4.0,1.0,1.0,4.0,1.0,5.0
880,7767.0,1.0,1.0,1.0,5.0,1.0,1.0,1.0,1.0,2.0
881,7790.0,1.0,1.0,1.0,4.0,1.0,1.0,1.0,1.0,2.0
882,7792.0,1.0,1.0,1.0,1.0,1.0,1.0,1.0,1.0,1.0
883,7799.0,3.0,4.0,1.0,5.0,4.0,3.0,3.0,2.0,3.0
884,7804.0,5.0,3.0,2.0,4.0,2.0,2.0,2.0,2.0,5.0
885,7819.0,3.0,4.0,3.0,5.0,1.0,1.0,3.0,4.0,4.0
886,7831.0,2.0,3.0,2.0,4.0,1.0,1.0,2.0,1.0,1.0
887,7834.0,1.0,1.0,1.0,1.0,1.0,5.0,1.0,1.0,1.0
888,7852.0,4.0,3.0,4.0,4.0,3.0,2.0,3.0,1.0,4.0
889,7884.0,5.0,2.0,1.0,4.0,1.0,5.0,2.0,1.0,5.0
890,7886.0,5.0,3.0,1.0,3.0,1.0,1.0,1.0,1.0,2.0
891,7909.0,4.0,4.0,4.0,5.0,3.0,1.0,4.0,3.0,2.0
892,7920.0,1.0,1.0,1.0,1.0,1.0,1.0,1.0,1.0,1.0
893,7922.0,1.0,1.0,1.0,4.0,4.0,1.0,1.0,1.0,1.0
894,7939.0,5.0,5.0,1.0,2.0,1.0,2.0,2.0,1.0,2.0
895,7951.0,2.0,3.0,4.0,5.0,3.0,4.0,1.0,4.0,5.0
896,7956.0,1.0,1.0,1.0,2.0,1.0,1.0,1.0,1.0,1.0
897,7980.0,2.0,2.0,2.0,4.0,2.0,3.0,2.0,2.0,2.0
898,7982.0,2.0,2.0,4.0,3.0,2.0,1.0,1.0,1.0,5.0
899,8001.0,2.0,3.0,3.0,3.0,3.0,5.0,2.0,2.0,3.0
900,8012.0,2.0,4.0,4.0,5.0,1.0,1.0,2.0,1.0,3.0
901,8029.0,1.0,1.0,1.0,5.0,1.0,1.0,2.0,1.0,2.0
902,8050.0,5.0,1.0,1.0,3.0,1.0,1.0,1.0,1.0,5.0
903,8061.0,1.0,1.0,1.0,1.0,5.0,1.0,1.0,1.0,1.0
904,8064.0,5.0,5.0,1.0,4.0,5.0,1.0,5.0,1.0,1.0
905,8080.0,5.0,1.0,1.0,1.0,1.0,1.0,1.0,1.0,5.0
906,8083.0,2.0,2.0,2.0,2.0,2.0,2.0,2.0,1.0,1.0
907,8088.0,4.0,4.0,3.0,5.0,2.0,2.0,3.0,2.0,4.0
908,8103.0,1.0,1.0,1.0,1.0,1.0,1.0,1.0,1.0,1.0
909,8171.0,5.0,5.0,1.0,5.0,1.0,1.0,3.0,1.0,5.0
910,8210.0,3.0,2.0,1.0,4.0,2.0,4.0,2.0,2.0,1.0
911,8211.0,2.0,1.0,1.0,4.0,1.0,2.0,1.0,4.0,1.0
912,8213.0,3.0,3.0,3.0,3.0,1.0,3.0,3.0,2.0,1.0
913,8246.0,1.0,1.0,2.0,3.0,1.0,1.0,1.0,1.0,1.0
914,8264.0,1.0,1.0,4.0,3.0,1.0,1.0,1.0,1.0,1.0
915,8274.0,1.0,1.0,1.0,1.0,1.0,1.0,1.0,1.0,1.0
916,8288.0,2.0,2.0,1.0,3.0,1.0,1.0,1.0,1.0,3.0
917,8296.0,1.0,1.0,1.0,1.0,1.0,5.0,1.0,1.0,1.0
918,8298.0,1.0,1.0,1.0,5.0,1.0,1.0,1.0,1.0,1.0
919,8303.0,1.0,1.0,5.0,3.0,1.0,1.0,1.0,1.0,1.0
920,8310.0,2.0,1.0,3.0,4.0,1.0,3.0,1.0,2.0,5.0
921,8334.0,5.0,5.0,1.0,5.0,1.0,1.0,3.0,1.0,5.0
922,8360.0,1.0,1.0,1.0,2.0,1.0,1.0,1.0,1.0,1.0
923,8377.0,1.0,1.0,1.0,1.0,1.0,5.0,1.0,1.0,1.0
924,8405.0,1.0,1.0,1.0,4.0,1.0,1.0,1.0,1.0,1.0
925,8411.0,5.0,4.0,3.0,4.0,1.0,1.0,4.0,1.0,5.0
926,8414.0,4.0,1.0,1.0,5.0,5.0,3.0,1.0,4.0,3.0
927,8420.0,2.0,2.0,2.0,2.0,2.0,2.0,2.0,2.0,4.0
928,8422.0,1.0,1.0,5.0,3.0,2.0,2.0,2.0,4.0,1.0
929,8434.0,5.0,5.0,1.0,5.0,1.0,1.0,5.0,1.0,5.0
930,8440.0,1.0,2.0,1.0,4.0,1.0,1.0,1.0,1.0,1.0
931,8447.0,4.0,3.0,2.0,4.0,2.0,2.0,2.0,3.0,4.0
932,8450.0,4.0,5.0,1.0,4.0,1.0,1.0,1.0,1.0,5.0
933,8481.0,3.0,3.0,3.0,4.0,4.0,3.0,3.0,3.0,3.0
934,8486.0,3.0,4.0,2.0,3.0,5.0,5.0,4.0,1.0,1.0
935,8490.0,1.0,1.0,1.0,1.0,1.0,3.0,1.0,1.0,1.0
936,8491.0,1.0,4.0,1.0,5.0,1.0,1.0,1.0,1.0,1.0
937,8520.0,3.0,1.0,4.0,4.0,1.0,1.0,1.0,1.0,3.0
938,8523.0,2.0,4.0,1.0,5.0,1.0,5.0,1.0,1.0,1.0
939,8535.0,3.0,3.0,2.0,5.0,1.0,1.0,3.0,3.0,2.0
940,8545.0,2.0,2.0,2.0,4.0,2.0,2.0,2.0,3.0,3.0
941,8551.0,1.0,1.0,1.0,3.0,1.0,1.0,1.0,1.0,1.0
942,8567.0,5.0,4.0,2.0,4.0,2.0,2.0,4.0,1.0,5.0
943,8576.0,1.0,1.0,1.0,2.0,1.0,2.0,1.0,1.0,1.0
944,8584.0,5.0,4.0,4.0,4.0,1.0,1.0,1.0,5.0,4.0
945,8599.0,1.0,1.0,1.0,4.0,1.0,1.0,1.0,1.0,1.0
946,8602.0,1.0,1.0,1.0,5.0,1.0,1.0,1.0,1.0,1.0
947,8614.0,2.0,4.0,4.0,2.0,1.0,1.0,3.0,4.0,1.0
948,8621.0,5.0,3.0,1.0,1.0,1.0,4.0,2.0,3.0,1.0
949,8622.0,1.0,1.0,1.0,5.0,1.0,1.0,1.0,1.0,1.0
950,8646.0,5.0,5.0,4.0,5.0,1.0,3.0,3.0,5.0,5.0
951,8650.0,5.0,2.0,1.0,2.0,1.0,1.0,1.0,1.0,5.0
952,8669.0,2.0,5.0,4.0,4.0,5.0,3.0,3.0,1.0,5.0
953,8680.0,4.0,4.0,1.0,5.0,1.0,1.0,2.0,1.0,4.0
954,8689.0,1.0,1.0,1.0,1.0,1.0,5.0,1.0,1.0,1.0
955,8710.0,1.0,1.0,1.0,3.0,1.0,1.0,1.0,1.0,1.0
956,8724.0,1.0,1.0,1.0,5.0,1.0,1.0,1.0,5.0,1.0
957,8742.0,5.0,5.0,3.0,4.0,2.0,1.0,4.0,1.0,5.0
958,8767.0,1.0,2.0,1.0,4.0,1.0,1.0,2.0,1.0,1.0
959,8778.0,1.0,1.0,1.0,4.0,1.0,5.0,1.0,1.0,1.0
960,8793.0,1.0,1.0,1.0,3.0,1.0,1.0,1.0,1.0,1.0
961,8809.0,1.0,1.0,2.0,5.0,1.0,1.0,1.0,2.0,1.0
962,8819.0,3.0,1.0,1.0,3.0,1.0,3.0,1.0,1.0,3.0
963,8823.0,3.0,3.0,3.0,5.0,5.0,3.0,3.0,3.0,3.0
964,8828.0,1.0,1.0,1.0,1.0,1.0,2.0,1.0,1.0,1.0
965,8838.0,3.0,5.0,2.0,5.0,4.0,2.0,4.0,1.0,4.0
966,8842.0,1.0,1.0,1.0,1.0,1.0,1.0,1.0,1.0,1.0
967,8883.0,3.0,2.0,1.0,2.0,2.0,5.0,2.0,5.0,1.0
968,8887.0,1.0,1.0,4.0,5.0,1.0,1.0,1.0,1.0,1.0
969,8898.0,4.0,3.0,5.0,5.0,1.0,1.0,4.0,1.0,1.0
970,8910.0,5.0,5.0,1.0,5.0,1.0,1.0,5.0,1.0,5.0
971,8918.0,5.0,1.0,1.0,2.0,1.0,1.0,1.0,1.0,5.0
972,8935.0,3.0,3.0,2.0,4.0,1.0,1.0,1.0,1.0,3.0
973,8956.0,4.0,3.0,2.0,5.0,5.0,2.0,3.0,3.0,5.0
974,8972.0,,,,,,,,,
975,8981.0,2.0,3.0,5.0,5.0,1.0,2.0,3.0,1.0,1.0
976,8997.0,1.0,1.0,1.0,3.0,2.0,1.0,1.0,1.0,1.0
977,8999.0,1.0,1.0,1.0,4.0,1.0,1.0,1.0,1.0,1.0
978,9022.0,1.0,1.0,1.0,5.0,1.0,5.0,1.0,4.0,4.0
979,9039.0,1.0,2.0,2.0,4.0,1.0,1.0,1.0,1.0,4.0
980,9040.0,1.0,1.0,1.0,5.0,1.0,1.0,1.0,1.0,1.0
981,9042.0,4.0,4.0,4.0,4.0,4.0,4.0,4.0,4.0,4.0
982,9051.0,1.0,3.0,4.0,4.0,1.0,1.0,1.0,1.0,1.0
983,9066.0,2.0,2.0,2.0,4.0,1.0,1.0,1.0,1.0,2.0
984,9076.0,1.0,2.0,2.0,2.0,2.0,2.0,2.0,2.0,2.0
985,9085.0,5.0,2.0,1.0,1.0,1.0,3.0,1.0,1.0,4.0
986,9090.0,1.0,1.0,1.0,3.0,1.0,1.0,1.0,1.0,1.0
987,9092.0,5.0,5.0,1.0,4.0,2.0,1.0,2.0,1.0,3.0
988,9104.0,3.0,4.0,3.0,5.0,5.0,3.0,2.0,2.0,4.0
989,9111.0,1.0,1.0,1.0,1.0,1.0,5.0,1.0,1.0,3.0
990,9117.0,3.0,3.0,3.0,5.0,3.0,3.0,3.0,3.0,3.0
991,9120.0,1.0,1.0,1.0,4.0,1.0,1.0,1.0,1.0,3.0
992,9123.0,2.0,1.0,2.0,4.0,1.0,4.0,1.0,2.0,1.0
993,9143.0,3.0,2.0,4.0,4.0,1.0,4.0,1.0,3.0,1.0
994,9145.0,3.0,3.0,4.0,4.0,1.0,1.0,1.0,1.0,2.0
995,9170.0,3.0,3.0,2.0,4.0,1.0,1.0,2.0,2.0,3.0
996,9175.0,1.0,1.0,1.0,2.0,1.0,4.0,1.0,1.0,1.0
997,9183.0,1.0,2.0,2.0,4.0,1.0,2.0,1.0,3.0,1.0
998,9193.0,3.0,3.0,3.0,3.0,3.0,3.0,3.0,3.0,3.0
999,9207.0,1.0,1.0,1.0,3.0,2.0,2.0,2.0,2.0,1.0
1000,9217.0,1.0,2.0,1.0,1.0,1.0,2.0,1.0,1.0,1.0
1001,9223.0,5.0,3.0,2.0,2.0,4.0,1.0,1.0,1.0,5.0
1002,9250.0,1.0,3.0,3.0,3.0,1.0,5.0,1.0,1.0,1.0
1003,9255.0,4.0,5.0,5.0,5.0,1.0,1.0,2.0,1.0,4.0
1004,9264.0,1.0,4.0,5.0,5.0,2.0,2.0,2.0,3.0,2.0
1005,9279.0,4.0,5.0,3.0,4.0,2.0,2.0,4.0,2.0,1.0
1006,9285.0,5.0,1.0,1.0,3.0,1.0,1.0,1.0,1.0,5.0
1007,9291.0,1.0,1.0,1.0,5.0,1.0,1.0,1.0,1.0,1.0
1008,9299.0,1.0,1.0,1.0,2.0,1.0,1.0,1.0,1.0,1.0
1009,9309.0,5.0,3.0,1.0,3.0,3.0,2.0,2.0,1.0,3.0
1010,9320.0,3.0,3.0,3.0,5.0,1.0,1.0,3.0,1.0,3.0
1011,9324.0,2.0,2.0,3.0,4.0,1.0,4.0,1.0,1.0,2.0
1012,9358.0,1.0,1.0,3.0,4.0,1.0,1.0,1.0,1.0,1.0
1013,9375.0,1.0,1.0,1.0,1.0,1.0,1.0,1.0,1.0,1.0
1014,9391.0,3.0,5.0,1.0,3.0,1.0,3.0,1.0,3.0,1.0
1015,9402.0,1.0,1.0,1.0,1.0,1.0,1.0,1.0,1.0,1.0
1016,9413.0,1.0,1.0,1.0,4.0,1.0,1.0,1.0,2.0,1.0
1017,9425.0,1.0,1.0,1.0,5.0,1.0,1.0,1.0,1.0,1.0
1018,9445.0,1.0,1.0,3.0,4.0,3.0,1.0,1.0,1.0,1.0
1019,9462.0,1.0,2.0,2.0,5.0,1.0,1.0,1.0,3.0,1.0
1020,9556.0,3.0,4.0,3.0,5.0,1.0,2.0,3.0,2.0,1.0
1021,9561.0,4.0,4.0,1.0,3.0,1.0,3.0,1.0,3.0,4.0
1022,9566.0,4.0,4.0,1.0,4.0,1.0,2.0,1.0,3.0,4.0
1023,9576.0,3.0,4.0,2.0,5.0,3.0,3.0,3.0,2.0,2.0
1024,9577.0,1.0,5.0,3.0,3.0,1.0,2.0,3.0,1.0,1.0
1025,9578.0,5.0,5.0,2.0,4.0,1.0,2.0,3.0,1.0,4.0
1026,9591.0,5.0,5.0,5.0,5.0,1.0,1.0,3.0,1.0,5.0
1027,9592.0,2.0,3.0,3.0,5.0,2.0,1.0,2.0,1.0,4.0
1028,9608.0,5.0,5.0,1.0,3.0,2.0,1.0,2.0,1.0,5.0
1029,9610.0,5.0,5.0,1.0,1.0,3.0,5.0,1.0,1.0,1.0
1030,9614.0,1.0,1.0,1.0,5.0,1.0,1.0,1.0,1.0,1.0
1031,9626.0,1.0,1.0,1.0,1.0,1.0,1.0,1.0,1.0,1.0
1032,9631.0,1.0,1.0,1.0,3.0,1.0,1.0,1.0,1.0,1.0
1033,9635.0,1.0,1.0,1.0,5.0,1.0,1.0,1.0,1.0,1.0
1034,9647.0,1.0,1.0,1.0,5.0,1.0,1.0,1.0,1.0,1.0
1035,9655.0,2.0,2.0,2.0,4.0,1.0,1.0,1.0,2.0,1.0
1036,9666.0,1.0,1.0,3.0,3.0,5.0,1.0,1.0,1.0,1.0
1037,9672.0,1.0,1.0,1.0,5.0,1.0,1.0,1.0,1.0,1.0
1038,9675.0,1.0,2.0,2.0,5.0,2.0,1.0,1.0,1.0,5.0
1039,9678.0,1.0,1.0,1.0,2.0,5.0,1.0,1.0,1.0,1.0
1040,9690.0,4.0,5.0,1.0,4.0,1.0,1.0,1.0,2.0,2.0
1041,9692.0,4.0,3.0,2.0,4.0,3.0,1.0,3.0,2.0,4.0
1042,9703.0,2.0,2.0,1.0,5.0,1.0,1.0,1.0,1.0,5.0
1043,9709.0,3.0,4.0,1.0,4.0,1.0,2.0,2.0,1.0,1.0
1044,9714.0,4.0,2.0,2.0,2.0,2.0,2.0,2.0,2.0,2.0
1045,9733.0,1.0,4.0,2.0,3.0,2.0,4.0,4.0,1.0,2.0
1046,9743.0,5.0,5.0,5.0,5.0,5.0,5.0,5.0,5.0,5.0
1047,9750.0,4.0,4.0,5.0,4.0,1.0,1.0,1.0,1.0,3.0
1048,9757.0,1.0,1.0,2.0,3.0,1.0,1.0,1.0,1.0,1.0
1049,9762.0,5.0,3.0,2.0,4.0,2.0,4.0,3.0,1.0,5.0
1050,9765.0,1.0,2.0,1.0,3.0,1.0,1.0,1.0,1.0,1.0
1051,9774.0,5.0,5.0,3.0,5.0,5.0,1.0,5.0,1.0,5.0
1052,9779.0,1.0,1.0,1.0,1.0,5.0,1.0,1.0,1.0,1.0
1053,9784.0,1.0,1.0,5.0,5.0,1.0,1.0,1.0,1.0,1.0
1054,9792.0,5.0,3.0,1.0,1.0,4.0,3.0,1.0,3.0,3.0
1055,9795.0,1.0,3.0,1.0,4.0,1.0,1.0,1.0,2.0,1.0
1056,9798.0,3.0,3.0,5.0,3.0,3.0,2.0,3.0,3.0,3.0
1057,9809.0,5.0,4.0,3.0,3.0,3.0,4.0,4.0,1.0,4.0
1058,9812.0,1.0,4.0,1.0,5.0,1.0,1.0,1.0,1.0,1.0
1059,9828.0,1.0,4.0,4.0,4.0,4.0,1.0,1.0,1.0,1.0
1060,9844.0,3.0,3.0,1.0,3.0,1.0,1.0,3.0,1.0,1.0
1061,9872.0,4.0,3.0,4.0,4.0,1.0,2.0,3.0,1.0,4.0
1062,9875.0,5.0,2.0,2.0,2.0,1.0,2.0,2.0,1.0,5.0
1063,9890.0,3.0,3.0,3.0,3.0,5.0,3.0,3.0,2.0,3.0
1064,9901.0,2.0,5.0,1.0,3.0,1.0,1.0,3.0,1.0,4.0
1065,9910.0,1.0,1.0,2.0,4.0,1.0,1.0,1.0,1.0,1.0
1066,9916.0,1.0,1.0,1.0,5.0,1.0,1.0,1.0,1.0,1.0
1067,9924.0,1.0,1.0,1.0,3.0,1.0,1.0,1.0,1.0,1.0
1068,9928.0,5.0,1.0,1.0,3.0,1.0,1.0,1.0,1.0,5.0
1069,9934.0,3.0,5.0,5.0,2.0,1.0,3.0,1.0,1.0,5.0
1070,9938.0,1.0,1.0,1.0,5.0,1.0,1.0,1.0,1.0,1.0
1071,9949.0,1.0,1.0,2.0,4.0,1.0,2.0,1.0,1.0,1.0
1072,9968.0,5.0,5.0,3.0,3.0,3.0,1.0,4.0,1.0,5.0
1073,9984.0,2.0,1.0,1.0,1.0,1.0,3.0,1.0,1.0,4.0
1074,9985.0,3.0,3.0,2.0,4.0,5.0,4.0,2.0,1.0,4.0
1075,9989.0,3.0,4.0,5.0,3.0,1.0,1.0,2.0,2.0,3.0
1076,9993.0,5.0,2.0,2.0,4.0,1.0,1.0,1.0,1.0,5.0
1077,10005.0,4.0,3.0,4.0,4.0,3.0,3.0,3.0,4.0,4.0
1078,10007.0,3.0,3.0,3.0,3.0,3.0,3.0,3.0,3.0,3.0
1079,10009.0,3.0,3.0,2.0,5.0,1.0,1.0,1.0,1.0,5.0
1080,10012.0,2.0,4.0,3.0,5.0,1.0,2.0,2.0,3.0,3.0
1081,10017.0,4.0,4.0,1.0,4.0,2.0,2.0,2.0,2.0,4.0
1082,10019.0,1.0,2.0,2.0,4.0,1.0,5.0,1.0,4.0,4.0
1083,10023.0,5.0,2.0,1.0,3.0,3.0,1.0,2.0,1.0,4.0
1084,10028.0,4.0,3.0,2.0,4.0,1.0,1.0,3.0,1.0,1.0
1085,10029.0,1.0,1.0,1.0,5.0,1.0,1.0,1.0,1.0,1.0
1086,10040.0,5.0,5.0,1.0,5.0,1.0,1.0,1.0,1.0,3.0
1087,10045.0,2.0,2.0,2.0,2.0,2.0,2.0,2.0,2.0,2.0
1088,10051.0,1.0,1.0,1.0,3.0,1.0,1.0,1.0,1.0,1.0
1089,10057.0,4.0,4.0,4.0,5.0,3.0,1.0,4.0,4.0,4.0
1090,10099.0,2.0,5.0,3.0,5.0,3.0,3.0,2.0,3.0,4.0
1091,10100.0,5.0,1.0,1.0,4.0,1.0,1.0,1.0,1.0,3.0
1092,10102.0,1.0,1.0,1.0,3.0,1.0,1.0,1.0,1.0,1.0
1093,10110.0,1.0,1.0,1.0,5.0,1.0,1.0,1.0,3.0,1.0
1094,10114.0,,,,,,,,,
1095,10122.0,4.0,4.0,4.0,4.0,4.0,3.0,3.0,3.0,3.0
1096,10123.0,1.0,2.0,2.0,5.0,1.0,1.0,2.0,1.0,1.0
1097,10127.0,1.0,2.0,3.0,4.0,1.0,4.0,1.0,1.0,2.0
1098,10139.0,1.0,3.0,1.0,4.0,1.0,1.0,1.0,1.0,4.0
1099,10161.0,4.0,1.0,1.0,1.0,1.0,1.0,1.0,1.0,5.0
1100,10164.0,2.0,4.0,2.0,4.0,1.0,3.0,2.0,1.0,4.0
1101,10184.0,4.0,3.0,4.0,4.0,1.0,1.0,2.0,1.0,5.0
1102,10188.0,1.0,1.0,1.0,1.0,1.0,1.0,1.0,1.0,1.0
1103,10193.0,1.0,1.0,3.0,4.0,1.0,1.0,1.0,1.0,5.0
1104,10196.0,4.0,4.0,4.0,4.0,3.0,5.0,4.0,4.0,4.0
1105,10211.0,4.0,2.0,1.0,4.0,1.0,1.0,2.0,1.0,3.0
1106,10224.0,1.0,1.0,1.0,1.0,1.0,5.0,1.0,1.0,1.0
1107,10230.0,1.0,1.0,1.0,3.0,1.0,1.0,1.0,1.0,1.0
1108,10240.0,3.0,3.0,2.0,4.0,1.0,1.0,3.0,1.0,1.0
1109,10250.0,1.0,1.0,1.0,4.0,3.0,1.0,1.0,1.0,1.0
1110,10257.0,1.0,1.0,4.0,4.0,1.0,1.0,1.0,1.0,1.0
1111,10265.0,1.0,3.0,1.0,1.0,1.0,1.0,1.0,1.0,1.0
1112,10270.0,5.0,5.0,1.0,5.0,1.0,1.0,5.0,1.0,3.0
1113,10284.0,4.0,4.0,2.0,5.0,1.0,2.0,3.0,2.0,4.0
1114,10285.0,1.0,1.0,2.0,2.0,1.0,1.0,1.0,1.0,1.0
1115,10288.0,1.0,1.0,1.0,1.0,1.0,2.0,1.0,1.0,1.0
1116,10289.0,3.0,2.0,2.0,4.0,1.0,2.0,1.0,1.0,3.0
1117,10300.0,4.0,4.0,3.0,5.0,2.0,2.0,2.0,1.0,3.0
1118,10303.0,1.0,1.0,1.0,4.0,1.0,1.0,1.0,1.0,1.0
1119,10307.0,4.0,3.0,5.0,4.0,1.0,4.0,5.0,3.0,4.0
1120,10309.0,1.0,1.0,1.0,4.0,1.0,1.0,1.0,1.0,1.0
1121,10314.0,5.0,4.0,4.0,5.0,1.0,1.0,3.0,1.0,5.0
1122,10326.0,1.0,1.0,1.0,1.0,1.0,1.0,1.0,1.0,5.0
1123,10333.0,5.0,4.0,1.0,2.0,1.0,1.0,3.0,1.0,5.0
1124,10335.0,2.0,2.0,4.0,4.0,2.0,1.0,2.0,2.0,1.0
1125,10352.0,1.0,1.0,1.0,5.0,1.0,2.0,1.0,1.0,1.0
1126,10369.0,4.0,3.0,3.0,5.0,1.0,1.0,3.0,1.0,4.0
1127,10370.0,1.0,1.0,1.0,1.0,4.0,1.0,1.0,1.0,1.0
1128,10400.0,5.0,5.0,4.0,5.0,4.0,5.0,5.0,4.0,5.0
1129,10402.0,2.0,2.0,2.0,3.0,4.0,4.0,2.0,2.0,2.0
1130,10429.0,5.0,4.0,1.0,4.0,1.0,1.0,3.0,1.0,5.0
1131,10435.0,5.0,4.0,4.0,4.0,3.0,1.0,3.0,1.0,5.0
1132,10439.0,1.0,1.0,1.0,5.0,5.0,3.0,1.0,1.0,1.0
1133,10443.0,1.0,1.0,1.0,3.0,1.0,1.0,1.0,1.0,3.0
1134,10474.0,2.0,2.0,2.0,3.0,1.0,1.0,2.0,2.0,2.0
1135,10476.0,1.0,1.0,1.0,4.0,1.0,1.0,1.0,1.0,3.0
1136,10483.0,1.0,5.0,1.0,1.0,1.0,1.0,5.0,1.0,1.0
1137,10488.0,1.0,1.0,1.0,2.0,1.0,1.0,1.0,1.0,1.0
1138,10490.0,2.0,3.0,3.0,4.0,1.0,1.0,1.0,1.0,1.0
1139,10492.0,2.0,4.0,3.0,5.0,1.0,2.0,3.0,1.0,3.0
1140,10495.0,2.0,4.0,3.0,5.0,1.0,1.0,1.0,1.0,1.0
1141,10501.0,5.0,5.0,1.0,1.0,1.0,2.0,2.0,1.0,2.0
1142,10508.0,4.0,4.0,1.0,5.0,3.0,1.0,2.0,1.0,3.0
1143,10509.0,1.0,1.0,3.0,4.0,1.0,5.0,2.0,2.0,1.0
1144,10516.0,1.0,1.0,1.0,2.0,1.0,1.0,1.0,2.0,1.0
1145,10535.0,1.0,2.0,4.0,4.0,1.0,1.0,2.0,2.0,1.0
1146,10560.0,5.0,2.0,5.0,1.0,1.0,1.0,1.0,1.0,5.0
1147,10563.0,1.0,2.0,3.0,5.0,1.0,2.0,2.0,1.0,2.0
1148,10572.0,1.0,1.0,1.0,3.0,1.0,5.0,2.0,3.0,1.0
1149,10574.0,5.0,3.0,2.0,2.0,3.0,2.0,4.0,2.0,4.0
1150,10580.0,1.0,1.0,1.0,1.0,1.0,1.0,1.0,1.0,1.0
1151,10582.0,4.0,1.0,3.0,4.0,1.0,1.0,1.0,3.0,2.0
1152,10599.0,3.0,5.0,1.0,4.0,1.0,1.0,3.0,1.0,3.0
1153,10601.0,4.0,3.0,1.0,4.0,1.0,1.0,1.0,1.0,3.0
1154,10649.0,5.0,4.0,3.0,5.0,2.0,1.0,3.0,1.0,5.0
1155,10671.0,1.0,1.0,1.0,1.0,1.0,1.0,1.0,1.0,1.0
1156,10679.0,5.0,4.0,1.0,5.0,1.0,1.0,4.0,1.0,4.0
1157,10680.0,3.0,4.0,4.0,4.0,1.0,3.0,4.0,1.0,4.0
1158,10685.0,5.0,2.0,4.0,4.0,2.0,2.0,2.0,3.0,4.0
1159,10689.0,1.0,2.0,3.0,4.0,1.0,1.0,1.0,1.0,1.0
1160,10690.0,1.0,1.0,1.0,1.0,1.0,3.0,1.0,1.0,1.0
1161,10693.0,1.0,1.0,1.0,3.0,1.0,1.0,1.0,1.0,5.0
1162,10711.0,1.0,4.0,1.0,5.0,1.0,2.0,1.0,1.0,2.0
1163,10716.0,1.0,1.0,1.0,1.0,5.0,5.0,1.0,1.0,1.0
1164,10719.0,1.0,1.0,2.0,1.0,1.0,1.0,1.0,1.0,1.0
1165,10726.0,4.0,5.0,4.0,4.0,4.0,3.0,3.0,4.0,3.0
1166,10749.0,4.0,1.0,1.0,2.0,1.0,1.0,1.0,1.0,4.0
1167,10752.0,1.0,1.0,1.0,5.0,1.0,1.0,1.0,1.0,1.0
1168,10769.0,4.0,4.0,4.0,5.0,5.0,4.0,5.0,5.0,4.0
1169,10772.0,1.0,1.0,1.0,5.0,1.0,3.0,1.0,3.0,1.0
1170,10780.0,2.0,3.0,2.0,4.0,2.0,4.0,2.0,2.0,2.0
1171,10782.0,2.0,2.0,3.0,3.0,1.0,1.0,1.0,1.0,2.0
1172,10783.0,3.0,2.0,3.0,2.0,3.0,5.0,2.0,1.0,1.0
1173,10787.0,1.0,1.0,1.0,1.0,1.0,1.0,1.0,1.0,4.0
1174,10801.0,5.0,3.0,1.0,5.0,1.0,1.0,1.0,1.0,5.0
1175,10802.0,2.0,2.0,2.0,4.0,1.0,2.0,1.0,3.0,4.0
1176,10809.0,5.0,2.0,2.0,4.0,5.0,1.0,1.0,2.0,4.0
1177,10817.0,5.0,3.0,1.0,5.0,1.0,2.0,1.0,1.0,3.0
1178,10821.0,5.0,5.0,5.0,5.0,5.0,5.0,5.0,5.0,5.0
1179,10829.0,1.0,2.0,1.0,3.0,5.0,3.0,1.0,2.0,1.0
1180,10831.0,5.0,2.0,2.0,5.0,1.0,4.0,1.0,2.0,3.0
1181,10837.0,3.0,5.0,2.0,5.0,1.0,2.0,5.0,2.0,1.0
1182,10851.0,3.0,3.0,3.0,3.0,2.0,3.0,3.0,2.0,4.0
1183,10854.0,1.0,1.0,1.0,5.0,1.0,1.0,1.0,1.0,1.0
1184,10855.0,4.0,3.0,1.0,4.0,1.0,1.0,1.0,1.0,5.0
1185,10858.0,5.0,3.0,1.0,3.0,2.0,1.0,1.0,1.0,4.0
1186,10859.0,3.0,2.0,2.0,3.0,1.0,1.0,1.0,1.0,2.0
1187,10865.0,5.0,3.0,1.0,1.0,1.0,1.0,1.0,1.0,1.0
1188,10874.0,1.0,1.0,3.0,4.0,1.0,3.0,1.0,2.0,1.0
1189,10877.0,5.0,3.0,1.0,3.0,1.0,1.0,1.0,1.0,3.0
1190,10884.0,4.0,4.0,1.0,4.0,1.0,1.0,3.0,1.0,4.0
1191,10886.0,5.0,3.0,4.0,4.0,3.0,1.0,1.0,1.0,3.0
1192,10887.0,1.0,1.0,1.0,4.0,1.0,1.0,1.0,1.0,3.0
1193,10905.0,4.0,4.0,1.0,2.0,1.0,2.0,2.0,2.0,2.0
1194,10907.0,4.0,4.0,5.0,3.0,1.0,3.0,5.0,2.0,3.0
1195,10913.0,1.0,5.0,3.0,5.0,1.0,3.0,2.0,1.0,1.0
1196,10928.0,5.0,3.0,1.0,4.0,1.0,1.0,2.0,1.0,5.0
1197,10937.0,5.0,5.0,5.0,5.0,4.0,5.0,5.0,1.0,5.0
1198,10946.0,4.0,4.0,1.0,3.0,1.0,1.0,1.0,1.0,5.0
1199,10957.0,1.0,1.0,4.0,5.0,1.0,1.0,1.0,1.0,2.0
1200,10959.0,4.0,4.0,5.0,4.0,3.0,4.0,4.0,4.0,4.0
1201,10962.0,2.0,2.0,1.0,3.0,1.0,1.0,1.0,1.0,2.0
1202,10974.0,3.0,3.0,4.0,4.0,1.0,1.0,3.0,1.0,4.0
1203,10982.0,1.0,1.0,4.0,5.0,1.0,1.0,1.0,3.0,1.0
1204,10984.0,1.0,1.0,5.0,5.0,1.0,1.0,1.0,1.0,1.0
1205,10988.0,1.0,1.0,1.0,4.0,1.0,1.0,1.0,1.0,1.0
1206,11001.0,2.0,2.0,3.0,4.0,1.0,4.0,1.0,3.0,3.0
1207,11002.0,5.0,4.0,1.0,3.0,1.0,1.0,1.0,1.0,5.0
1208,11007.0,2.0,2.0,1.0,3.0,1.0,1.0,1.0,3.0,2.0
1209,11023.0,2.0,1.0,1.0,1.0,1.0,1.0,1.0,1.0,4.0
1210,11028.0,5.0,1.0,1.0,1.0,1.0,5.0,1.0,1.0,5.0
1211,11029.0,4.0,2.0,1.0,3.0,1.0,1.0,1.0,1.0,4.0
1212,11038.0,5.0,5.0,1.0,2.0,2.0,1.0,5.0,1.0,5.0
1213,11045.0,5.0,3.0,4.0,4.0,1.0,1.0,2.0,1.0,5.0
1214,11054.0,4.0,1.0,1.0,4.0,1.0,1.0,1.0,1.0,4.0
1215,11056.0,2.0,3.0,2.0,4.0,1.0,1.0,1.0,1.0,1.0
1216,11069.0,5.0,2.0,3.0,3.0,5.0,1.0,4.0,1.0,4.0
1217,11074.0,1.0,1.0,1.0,5.0,1.0,1.0,1.0,1.0,1.0
1218,11077.0,2.0,2.0,2.0,4.0,1.0,2.0,2.0,1.0,1.0
1219,11094.0,5.0,4.0,5.0,5.0,5.0,5.0,5.0,5.0,5.0
1220,11096.0,5.0,1.0,1.0,1.0,5.0,1.0,5.0,1.0,1.0
1221,11099.0,1.0,1.0,1.0,3.0,1.0,1.0,1.0,1.0,2.0
1222,11101.0,1.0,1.0,1.0,4.0,1.0,1.0,1.0,1.0,1.0
1223,11121.0,1.0,1.0,4.0,1.0,1.0,1.0,1.0,1.0,1.0
1224,11127.0,3.0,5.0,1.0,5.0,1.0,1.0,3.0,1.0,3.0
1225,11133.0,1.0,1.0,3.0,5.0,1.0,1.0,1.0,1.0,1.0
1226,11136.0,4.0,4.0,1.0,3.0,1.0,2.0,3.0,1.0,4.0
1227,11139.0,3.0,3.0,3.0,4.0,1.0,1.0,1.0,1.0,2.0
1228,11142.0,4.0,4.0,3.0,4.0,1.0,2.0,4.0,1.0,5.0
1229,11156.0,5.0,4.0,2.0,3.0,1.0,2.0,4.0,1.0,5.0
1230,11184.0,1.0,1.0,1.0,1.0,1.0,1.0,1.0,1.0,1.0
1231,11185.0,5.0,5.0,1.0,4.0,1.0,3.0,4.0,1.0,5.0
1232,11214.0,1.0,1.0,2.0,4.0,1.0,1.0,1.0,1.0,1.0
1233,11224.0,5.0,4.0,1.0,3.0,1.0,1.0,2.0,1.0,5.0
1234,11234.0,5.0,5.0,5.0,5.0,1.0,2.0,4.0,1.0,5.0
1235,11236.0,5.0,4.0,1.0,3.0,4.0,1.0,4.0,1.0,5.0
1236,11238.0,3.0,4.0,1.0,4.0,1.0,1.0,3.0,1.0,3.0
1237,11251.0,1.0,1.0,1.0,5.0,1.0,1.0,1.0,1.0,4.0
1238,11257.0,4.0,2.0,3.0,4.0,1.0,1.0,2.0,1.0,5.0
1239,11258.0,1.0,1.0,3.0,4.0,1.0,3.0,1.0,1.0,2.0
1240,11264.0,3.0,5.0,1.0,5.0,5.0,3.0,3.0,1.0,5.0
1241,11274.0,5.0,3.0,1.0,5.0,1.0,1.0,1.0,1.0,5.0
1242,11270.0,1.0,1.0,1.0,1.0,1.0,1.0,1.0,1.0,5.0
1243,11272.0,4.0,4.0,3.0,4.0,1.0,1.0,1.0,2.0,5.0
1244,11279.0,5.0,3.0,1.0,1.0,4.0,1.0,2.0,1.0,1.0
1245,11285.0,3.0,1.0,1.0,5.0,1.0,1.0,1.0,1.0,2.0
1246,11286.0,5.0,1.0,1.0,1.0,1.0,1.0,1.0,1.0,1.0
1247,11290.0,1.0,1.0,2.0,5.0,1.0,3.0,1.0,2.0,1.0
1248,11299.0,5.0,5.0,1.0,5.0,3.0,1.0,1.0,1.0,3.0
1249,11309.0,2.0,1.0,3.0,3.0,4.0,4.0,5.0,2.0,1.0
1250,11314.0,1.0,3.0,3.0,3.0,1.0,1.0,1.0,1.0,1.0
1251,11317.0,1.0,1.0,1.0,4.0,5.0,4.0,1.0,1.0,4.0
1252,11320.0,1.0,1.0,1.0,3.0,1.0,1.0,1.0,1.0,1.0
1253,11333.0,5.0,5.0,1.0,1.0,1.0,1.0,5.0,1.0,5.0
1254,11334.0,5.0,5.0,1.0,5.0,3.0,1.0,1.0,1.0,5.0
1255,11345.0,3.0,3.0,3.0,3.0,1.0,1.0,3.0,1.0,2.0
1256,11349.0,1.0,1.0,1.0,3.0,1.0,3.0,1.0,3.0,1.0
1257,11352.0,2.0,3.0,3.0,4.0,1.0,5.0,2.0,2.0,4.0
1258,11361.0,1.0,1.0,2.0,2.0,3.0,1.0,1.0,1.0,1.0
1259,11384.0,3.0,4.0,1.0,5.0,1.0,3.0,2.0,1.0,5.0
1260,11394.0,1.0,1.0,1.0,4.0,1.0,1.0,1.0,1.0,1.0
1261,11395.0,1.0,1.0,1.0,4.0,1.0,1.0,1.0,1.0,5.0
1262,11412.0,1.0,1.0,3.0,3.0,1.0,1.0,1.0,1.0,1.0
1263,11434.0,2.0,2.0,4.0,4.0,1.0,3.0,1.0,4.0,1.0
1264,11436.0,4.0,4.0,2.0,5.0,2.0,3.0,1.0,2.0,1.0
1265,11459.0,4.0,5.0,2.0,5.0,1.0,1.0,5.0,1.0,1.0
1266,11474.0,3.0,3.0,4.0,3.0,2.0,3.0,3.0,1.0,1.0
1267,11479.0,1.0,1.0,1.0,5.0,1.0,1.0,1.0,1.0,1.0
1268,11483.0,1.0,1.0,1.0,4.0,1.0,1.0,1.0,1.0,1.0
1269,11491.0,1.0,1.0,1.0,5.0,1.0,1.0,1.0,1.0,1.0
1270,11499.0,5.0,4.0,1.0,4.0,1.0,1.0,1.0,1.0,5.0
1271,11512.0,1.0,2.0,3.0,4.0,1.0,1.0,1.0,1.0,1.0
1272,11517.0,1.0,2.0,2.0,4.0,2.0,1.0,1.0,1.0,2.0
1273,11521.0,5.0,5.0,4.0,4.0,3.0,3.0,5.0,3.0,5.0
1274,11532.0,4.0,4.0,1.0,5.0,1.0,1.0,2.0,1.0,4.0
1275,11533.0,5.0,5.0,3.0,5.0,3.0,1.0,5.0,2.0,3.0
1276,11536.0,5.0,5.0,1.0,3.0,1.0,1.0,3.0,1.0,3.0
1277,11539.0,4.0,4.0,3.0,4.0,1.0,1.0,4.0,1.0,5.0
1278,11559.0,5.0,5.0,5.0,4.0,1.0,1.0,3.0,1.0,1.0
1279,11560.0,5.0,4.0,1.0,5.0,4.0,3.0,3.0,4.0,5.0
1280,11561.0,2.0,2.0,3.0,4.0,1.0,1.0,2.0,1.0,1.0
1281,11571.0,1.0,4.0,3.0,3.0,1.0,1.0,4.0,1.0,3.0
1282,11578.0,1.0,1.0,1.0,5.0,1.0,1.0,1.0,1.0,1.0
1283,11590.0,3.0,2.0,3.0,3.0,2.0,3.0,3.0,2.0,3.0
1284,11598.0,1.0,1.0,1.0,1.0,1.0,1.0,1.0,1.0,1.0
1285,11611.0,1.0,1.0,1.0,2.0,1.0,1.0,1.0,1.0,1.0
1286,11635.0,2.0,2.0,2.0,2.0,2.0,4.0,1.0,2.0,2.0
1287,11649.0,4.0,5.0,3.0,5.0,5.0,3.0,3.0,2.0,5.0
1288,11653.0,5.0,1.0,1.0,2.0,1.0,1.0,1.0,1.0,1.0
1289,11654.0,1.0,1.0,4.0,4.0,1.0,1.0,1.0,1.0,2.0
1290,11666.0,5.0,5.0,3.0,2.0,1.0,1.0,3.0,1.0,5.0
1291,11675.0,1.0,1.0,1.0,5.0,1.0,1.0,1.0,1.0,1.0
1292,11677.0,2.0,2.0,1.0,5.0,1.0,3.0,3.0,1.0,1.0
1293,11691.0,4.0,4.0,4.0,5.0,1.0,1.0,3.0,1.0,2.0
1294,11694.0,1.0,1.0,1.0,5.0,1.0,1.0,1.0,1.0,1.0
1295,11702.0,1.0,1.0,1.0,1.0,5.0,1.0,1.0,1.0,1.0
1296,11719.0,5.0,3.0,4.0,4.0,5.0,1.0,4.0,1.0,5.0
1297,11720.0,2.0,3.0,3.0,5.0,2.0,2.0,3.0,2.0,1.0
1298,11743.0,1.0,1.0,1.0,2.0,1.0,4.0,1.0,1.0,1.0
1299,11747.0,2.0,3.0,3.0,4.0,3.0,2.0,2.0,1.0,2.0
1300,11763.0,3.0,4.0,2.0,3.0,1.0,1.0,4.0,1.0,2.0
1301,11764.0,3.0,3.0,2.0,3.0,1.0,1.0,3.0,1.0,1.0
1302,11772.0,5.0,5.0,2.0,3.0,1.0,1.0,2.0,1.0,4.0
1303,11780.0,4.0,3.0,4.0,5.0,1.0,4.0,2.0,2.0,4.0
1304,11782.0,4.0,1.0,1.0,4.0,1.0,4.0,1.0,4.0,1.0
1305,11783.0,3.0,3.0,2.0,3.0,2.0,5.0,3.0,1.0,3.0
1306,11789.0,2.0,3.0,3.0,3.0,3.0,3.0,3.0,4.0,2.0
1307,11791.0,4.0,4.0,1.0,1.0,1.0,1.0,3.0,1.0,5.0
1308,11794.0,1.0,2.0,5.0,5.0,1.0,1.0,1.0,3.0,1.0
1309,11798.0,1.0,1.0,1.0,5.0,1.0,1.0,1.0,1.0,1.0
1310,11806.0,5.0,5.0,3.0,4.0,3.0,3.0,1.0,3.0,3.0
1311,11814.0,2.0,2.0,1.0,5.0,1.0,1.0,1.0,1.0,1.0
1312,11817.0,1.0,1.0,1.0,5.0,1.0,1.0,1.0,4.0,1.0
1313,11829.0,4.0,3.0,2.0,3.0,2.0,3.0,1.0,2.0,5.0
1314,11866.0,5.0,1.0,1.0,5.0,5.0,1.0,1.0,1.0,5.0
1315,11869.0,3.0,2.0,2.0,4.0,1.0,1.0,1.0,1.0,5.0
1316,11876.0,1.0,1.0,1.0,5.0,1.0,1.0,1.0,1.0,1.0
1317,11889.0,4.0,3.0,1.0,3.0,1.0,5.0,2.0,1.0,5.0
1318,11892.0,3.0,2.0,1.0,5.0,1.0,2.0,1.0,1.0,5.0
1319,11898.0,4.0,3.0,3.0,4.0,3.0,3.0,3.0,3.0,3.0
1320,11905.0,1.0,1.0,3.0,3.0,1.0,1.0,1.0,1.0,1.0
1321,11906.0,1.0,1.0,3.0,5.0,5.0,4.0,1.0,1.0,1.0
1322,11908.0,3.0,1.0,1.0,4.0,1.0,1.0,1.0,1.0,4.0
1323,11918.0,2.0,1.0,1.0,5.0,1.0,1.0,1.0,1.0,1.0
1324,11935.0,1.0,1.0,1.0,5.0,1.0,1.0,1.0,1.0,1.0
1325,11937.0,1.0,1.0,1.0,1.0,1.0,1.0,1.0,1.0,1.0
1326,11942.0,4.0,5.0,2.0,5.0,1.0,2.0,4.0,2.0,4.0
1327,11943.0,5.0,5.0,1.0,3.0,1.0,3.0,4.0,1.0,2.0
1328,11955.0,2.0,2.0,3.0,5.0,1.0,1.0,2.0,3.0,4.0
1329,11957.0,1.0,1.0,4.0,5.0,2.0,2.0,1.0,2.0,1.0
1330,11959.0,2.0,2.0,2.0,3.0,2.0,3.0,2.0,3.0,3.0
1331,11969.0,5.0,2.0,1.0,3.0,1.0,1.0,1.0,1.0,5.0
1332,11980.0,4.0,4.0,4.0,2.0,1.0,3.0,4.0,2.0,1.0
1333,11981.0,4.0,4.0,2.0,3.0,2.0,4.0,3.0,2.0,5.0
1334,11985.0,1.0,1.0,1.0,1.0,1.0,1.0,1.0,1.0,1.0
1335,11991.0,1.0,1.0,3.0,5.0,1.0,1.0,1.0,1.0,5.0
1336,12002.0,1.0,1.0,1.0,2.0,1.0,4.0,1.0,1.0,1.0
1337,12004.0,1.0,1.0,1.0,3.0,1.0,3.0,1.0,3.0,1.0
1338,12005.0,1.0,1.0,3.0,3.0,1.0,1.0,1.0,1.0,1.0
1339,12027.0,5.0,3.0,1.0,4.0,4.0,1.0,1.0,4.0,4.0
1340,12031.0,4.0,4.0,2.0,4.0,1.0,4.0,2.0,4.0,4.0
1341,12032.0,1.0,1.0,1.0,4.0,1.0,1.0,1.0,1.0,1.0
1342,12044.0,2.0,2.0,2.0,4.0,4.0,2.0,1.0,2.0,2.0
1343,12048.0,1.0,1.0,1.0,1.0,1.0,3.0,1.0,1.0,1.0
1344,12055.0,1.0,1.0,1.0,4.0,1.0,1.0,1.0,1.0,1.0
1345,12063.0,3.0,2.0,3.0,4.0,2.0,2.0,2.0,2.0,2.0
1346,12082.0,4.0,4.0,4.0,5.0,1.0,3.0,4.0,1.0,1.0
1347,12083.0,1.0,1.0,1.0,4.0,3.0,1.0,1.0,1.0,1.0
1348,12105.0,1.0,1.0,1.0,4.0,1.0,1.0,1.0,2.0,1.0
1349,12124.0,2.0,1.0,4.0,2.0,1.0,5.0,1.0,2.0,1.0
1350,12127.0,5.0,1.0,1.0,2.0,2.0,1.0,1.0,1.0,5.0
1351,12137.0,5.0,4.0,2.0,4.0,1.0,1.0,2.0,1.0,4.0
1352,12139.0,5.0,5.0,1.0,3.0,1.0,1.0,1.0,1.0,2.0
1353,12140.0,3.0,3.0,3.0,3.0,3.0,3.0,3.0,3.0,3.0
1354,12145.0,1.0,1.0,1.0,2.0,1.0,4.0,1.0,1.0,1.0
1355,12149.0,5.0,5.0,1.0,2.0,2.0,4.0,3.0,5.0,3.0
1356,12150.0,3.0,3.0,2.0,2.0,1.0,2.0,2.0,1.0,5.0
1357,12153.0,3.0,2.0,1.0,4.0,1.0,1.0,1.0,1.0,3.0
1358,12158.0,1.0,1.0,5.0,5.0,1.0,1.0,1.0,1.0,1.0
1359,12174.0,4.0,3.0,2.0,5.0,1.0,2.0,2.0,1.0,4.0
1360,12176.0,1.0,1.0,5.0,5.0,1.0,5.0,1.0,1.0,1.0
1361,12180.0,2.0,4.0,3.0,5.0,2.0,3.0,3.0,3.0,2.0
1362,12185.0,1.0,1.0,1.0,1.0,1.0,1.0,1.0,1.0,1.0
1363,12190.0,4.0,5.0,4.0,5.0,4.0,4.0,4.0,4.0,4.0
1364,12194.0,5.0,5.0,5.0,5.0,3.0,5.0,5.0,2.0,4.0
1365,12197.0,2.0,2.0,2.0,3.0,2.0,3.0,2.0,2.0,3.0
1366,12202.0,5.0,3.0,3.0,5.0,1.0,2.0,3.0,1.0,5.0
1367,12239.0,4.0,3.0,1.0,4.0,1.0,1.0,1.0,1.0,4.0
1368,12243.0,2.0,5.0,4.0,4.0,2.0,4.0,4.0,1.0,1.0
1369,12258.0,1.0,1.0,2.0,4.0,1.0,1.0,1.0,1.0,1.0
1370,12271.0,3.0,3.0,3.0,2.0,1.0,1.0,3.0,1.0,5.0
1371,12272.0,1.0,1.0,1.0,5.0,1.0,3.0,1.0,1.0,1.0
1372,12273.0,1.0,1.0,5.0,2.0,1.0,1.0,2.0,1.0,2.0
1373,12274.0,3.0,3.0,1.0,5.0,1.0,1.0,2.0,1.0,5.0
1374,12277.0,1.0,1.0,1.0,1.0,1.0,5.0,1.0,1.0,1.0
1375,12278.0,5.0,5.0,2.0,4.0,1.0,2.0,4.0,1.0,5.0
1376,12287.0,1.0,2.0,1.0,3.0,1.0,1.0,1.0,1.0,1.0
1377,12288.0,5.0,5.0,5.0,5.0,5.0,5.0,5.0,5.0,5.0
1378,12291.0,1.0,1.0,1.0,5.0,1.0,1.0,1.0,1.0,1.0
1379,12294.0,1.0,2.0,3.0,3.0,1.0,3.0,1.0,1.0,1.0
1380,12296.0,1.0,1.0,1.0,1.0,1.0,1.0,1.0,1.0,1.0
1381,12307.0,5.0,5.0,2.0,5.0,4.0,1.0,1.0,1.0,5.0
1382,12333.0,3.0,5.0,3.0,4.0,1.0,5.0,3.0,2.0,5.0
1383,12334.0,4.0,3.0,2.0,4.0,2.0,4.0,3.0,1.0,1.0
1384,12357.0,5.0,5.0,1.0,4.0,3.0,1.0,4.0,1.0,4.0
1385,12378.0,1.0,1.0,2.0,3.0,1.0,1.0,1.0,1.0,1.0
1386,12400.0,5.0,5.0,1.0,5.0,1.0,1.0,5.0,1.0,5.0
